http://who.int/icd#1562_07368d94_d861_421b_b2a0_264c49b96108,http://icat.stanford.edu/?ontology=ICD&tab=ClassesTab&id=http%3A%2F%2Fwho.int%2Ficd%231562_07368d94_d861_421b_b2a0_264c49b96108,Autoinflammatory syndromes
http://who.int/icd#1595_07368d94_d861_421b_b2a0_264c49b96108,http://icat.stanford.edu/?ontology=ICD&tab=ClassesTab&id=http%3A%2F%2Fwho.int%2Ficd%231595_07368d94_d861_421b_b2a0_264c49b96108,LB263 Tumour necrosis factor [TNF] receptor 1 associated periodic syndrome
http://who.int/icd#2266_6bc3f235_b24a_493e_a8a3_60cb9fb52dbd,http://icat.stanford.edu/?ontology=ICD&tab=ClassesTab&id=http%3A%2F%2Fwho.int%2Ficd%232266_6bc3f235_b24a_493e_a8a3_60cb9fb52dbd,"ACB1.01 Mevalonate kinase [MVK] deficiency with recurrent fever, with or without hyperIgD"
http://who.int/icd#1650_07368d94_d861_421b_b2a0_264c49b96108,http://icat.stanford.edu/?ontology=ICD&tab=ClassesTab&id=http%3A%2F%2Fwho.int%2Ficd%231650_07368d94_d861_421b_b2a0_264c49b96108,
http://who.int/icd#1661_07368d94_d861_421b_b2a0_264c49b96108,http://icat.stanford.edu/?ontology=ICD&tab=ClassesTab&id=http%3A%2F%2Fwho.int%2Ficd%231661_07368d94_d861_421b_b2a0_264c49b96108,
http://who.int/icd#1672_07368d94_d861_421b_b2a0_264c49b96108,http://icat.stanford.edu/?ontology=ICD&tab=ClassesTab&id=http%3A%2F%2Fwho.int%2Ficd%231672_07368d94_d861_421b_b2a0_264c49b96108,
http://who.int/icd#1683_07368d94_d861_421b_b2a0_264c49b96108,http://icat.stanford.edu/?ontology=ICD&tab=ClassesTab&id=http%3A%2F%2Fwho.int%2Ficd%231683_07368d94_d861_421b_b2a0_264c49b96108,
http://who.int/icd#8124_890e173e_8bc7_44a1_9345_a738531fdd8e,http://icat.stanford.edu/?ontology=ICD&tab=ClassesTab&id=http%3A%2F%2Fwho.int%2Ficd%238124_890e173e_8bc7_44a1_9345_a738531fdd8e,
http://who.int/icd#A90-A99,http://icat.stanford.edu/?ontology=ICD&tab=ClassesTab&id=http%3A%2F%2Fwho.int%2Ficd%23A90-A99,
http://who.int/icd#0_8984f767_a0e4_4b83_87af_9c52b2e15291,http://icat.stanford.edu/?ontology=ICD&tab=ClassesTab&id=http%3A%2F%2Fwho.int%2Ficd%230_8984f767_a0e4_4b83_87af_9c52b2e15291,
http://who.int/icd#7212_890e173e_8bc7_44a1_9345_a738531fdd8e,http://icat.stanford.edu/?ontology=ICD&tab=ClassesTab&id=http%3A%2F%2Fwho.int%2Ficd%237212_890e173e_8bc7_44a1_9345_a738531fdd8e,
http://who.int/icd#27764_b047675b_e7d6_403d_8ca9_f59ab5570ff4,http://icat.stanford.edu/?ontology=ICD&tab=ClassesTab&id=http%3A%2F%2Fwho.int%2Ficd%2327764_b047675b_e7d6_403d_8ca9_f59ab5570ff4,
http://who.int/icd#2541_b047675b_e7d6_403d_8ca9_f59ab5570ff4,http://icat.stanford.edu/?ontology=ICD&tab=ClassesTab&id=http%3A%2F%2Fwho.int%2Ficd%232541_b047675b_e7d6_403d_8ca9_f59ab5570ff4,
http://who.int/icd#2552_b047675b_e7d6_403d_8ca9_f59ab5570ff4,http://icat.stanford.edu/?ontology=ICD&tab=ClassesTab&id=http%3A%2F%2Fwho.int%2Ficd%232552_b047675b_e7d6_403d_8ca9_f59ab5570ff4,
http://who.int/icd#L70.5,http://icat.stanford.edu/?ontology=ICD&tab=ClassesTab&id=http%3A%2F%2Fwho.int%2Ficd%23L70.5,
http://who.int/icd#5775_e9c55f4e_825c_45d7_ba2c_0fdc673d688a,http://icat.stanford.edu/?ontology=ICD&tab=ClassesTab&id=http%3A%2F%2Fwho.int%2Ficd%235775_e9c55f4e_825c_45d7_ba2c_0fdc673d688a,
http://who.int/icd#2563_b047675b_e7d6_403d_8ca9_f59ab5570ff4,http://icat.stanford.edu/?ontology=ICD&tab=ClassesTab&id=http%3A%2F%2Fwho.int%2Ficd%232563_b047675b_e7d6_403d_8ca9_f59ab5570ff4,
http://who.int/icd#2585_b047675b_e7d6_403d_8ca9_f59ab5570ff4,http://icat.stanford.edu/?ontology=ICD&tab=ClassesTab&id=http%3A%2F%2Fwho.int%2Ficd%232585_b047675b_e7d6_403d_8ca9_f59ab5570ff4,
http://who.int/icd#2596_b047675b_e7d6_403d_8ca9_f59ab5570ff4,http://icat.stanford.edu/?ontology=ICD&tab=ClassesTab&id=http%3A%2F%2Fwho.int%2Ficd%232596_b047675b_e7d6_403d_8ca9_f59ab5570ff4,
http://who.int/icd#2882_b047675b_e7d6_403d_8ca9_f59ab5570ff4,http://icat.stanford.edu/?ontology=ICD&tab=ClassesTab&id=http%3A%2F%2Fwho.int%2Ficd%232882_b047675b_e7d6_403d_8ca9_f59ab5570ff4,
http://who.int/icd#2607_b047675b_e7d6_403d_8ca9_f59ab5570ff4,http://icat.stanford.edu/?ontology=ICD&tab=ClassesTab&id=http%3A%2F%2Fwho.int%2Ficd%232607_b047675b_e7d6_403d_8ca9_f59ab5570ff4,
http://who.int/icd#F63.3,http://icat.stanford.edu/?ontology=ICD&tab=ClassesTab&id=http%3A%2F%2Fwho.int%2Ficd%23F63.3,
http://who.int/icd#2629_b047675b_e7d6_403d_8ca9_f59ab5570ff4,http://icat.stanford.edu/?ontology=ICD&tab=ClassesTab&id=http%3A%2F%2Fwho.int%2Ficd%232629_b047675b_e7d6_403d_8ca9_f59ab5570ff4,
http://who.int/icd#2662_b047675b_e7d6_403d_8ca9_f59ab5570ff4,http://icat.stanford.edu/?ontology=ICD&tab=ClassesTab&id=http%3A%2F%2Fwho.int%2Ficd%232662_b047675b_e7d6_403d_8ca9_f59ab5570ff4,
http://who.int/icd#K13.1,http://icat.stanford.edu/?ontology=ICD&tab=ClassesTab&id=http%3A%2F%2Fwho.int%2Ficd%23K13.1,
http://who.int/icd#7296_890e173e_8bc7_44a1_9345_a738531fdd8e,http://icat.stanford.edu/?ontology=ICD&tab=ClassesTab&id=http%3A%2F%2Fwho.int%2Ficd%237296_890e173e_8bc7_44a1_9345_a738531fdd8e,
http://who.int/icd#2618_b047675b_e7d6_403d_8ca9_f59ab5570ff4,http://icat.stanford.edu/?ontology=ICD&tab=ClassesTab&id=http%3A%2F%2Fwho.int%2Ficd%232618_b047675b_e7d6_403d_8ca9_f59ab5570ff4,
http://who.int/icd#2640_b047675b_e7d6_403d_8ca9_f59ab5570ff4,http://icat.stanford.edu/?ontology=ICD&tab=ClassesTab&id=http%3A%2F%2Fwho.int%2Ficd%232640_b047675b_e7d6_403d_8ca9_f59ab5570ff4,
http://who.int/icd#2244_6bc3f235_b24a_493e_a8a3_60cb9fb52dbd,http://icat.stanford.edu/?ontology=ICD&tab=ClassesTab&id=http%3A%2F%2Fwho.int%2Ficd%232244_6bc3f235_b24a_493e_a8a3_60cb9fb52dbd,
http://who.int/icd#2255_6bc3f235_b24a_493e_a8a3_60cb9fb52dbd,http://icat.stanford.edu/?ontology=ICD&tab=ClassesTab&id=http%3A%2F%2Fwho.int%2Ficd%232255_6bc3f235_b24a_493e_a8a3_60cb9fb52dbd,
http://who.int/icd#22781_b047675b_e7d6_403d_8ca9_f59ab5570ff4,http://icat.stanford.edu/?ontology=ICD&tab=ClassesTab&id=http%3A%2F%2Fwho.int%2Ficd%2322781_b047675b_e7d6_403d_8ca9_f59ab5570ff4,
http://who.int/icd#24002_b047675b_e7d6_403d_8ca9_f59ab5570ff4,http://icat.stanford.edu/?ontology=ICD&tab=ClassesTab&id=http%3A%2F%2Fwho.int%2Ficd%2324002_b047675b_e7d6_403d_8ca9_f59ab5570ff4,
http://who.int/icd#23991_b047675b_e7d6_403d_8ca9_f59ab5570ff4,http://icat.stanford.edu/?ontology=ICD&tab=ClassesTab&id=http%3A%2F%2Fwho.int%2Ficd%2323991_b047675b_e7d6_403d_8ca9_f59ab5570ff4,
http://who.int/icd#21747_b047675b_e7d6_403d_8ca9_f59ab5570ff4,http://icat.stanford.edu/?ontology=ICD&tab=ClassesTab&id=http%3A%2F%2Fwho.int%2Ficd%2321747_b047675b_e7d6_403d_8ca9_f59ab5570ff4,
http://who.int/icd#2497_b047675b_e7d6_403d_8ca9_f59ab5570ff4,http://icat.stanford.edu/?ontology=ICD&tab=ClassesTab&id=http%3A%2F%2Fwho.int%2Ficd%232497_b047675b_e7d6_403d_8ca9_f59ab5570ff4,
http://who.int/icd#2508_b047675b_e7d6_403d_8ca9_f59ab5570ff4,http://icat.stanford.edu/?ontology=ICD&tab=ClassesTab&id=http%3A%2F%2Fwho.int%2Ficd%232508_b047675b_e7d6_403d_8ca9_f59ab5570ff4,
http://who.int/icd#2321_b047675b_e7d6_403d_8ca9_f59ab5570ff4,http://icat.stanford.edu/?ontology=ICD&tab=ClassesTab&id=http%3A%2F%2Fwho.int%2Ficd%232321_b047675b_e7d6_403d_8ca9_f59ab5570ff4,
http://who.int/icd#Class_2360,http://icat.stanford.edu/?ontology=ICD&tab=ClassesTab&id=http%3A%2F%2Fwho.int%2Ficd%23Class_2360,
http://who.int/icd#2618_07368d94_d861_421b_b2a0_264c49b96108,http://icat.stanford.edu/?ontology=ICD&tab=ClassesTab&id=http%3A%2F%2Fwho.int%2Ficd%232618_07368d94_d861_421b_b2a0_264c49b96108,
http://who.int/icd#2629_07368d94_d861_421b_b2a0_264c49b96108,http://icat.stanford.edu/?ontology=ICD&tab=ClassesTab&id=http%3A%2F%2Fwho.int%2Ficd%232629_07368d94_d861_421b_b2a0_264c49b96108,
http://who.int/icd#2640_07368d94_d861_421b_b2a0_264c49b96108,http://icat.stanford.edu/?ontology=ICD&tab=ClassesTab&id=http%3A%2F%2Fwho.int%2Ficd%232640_07368d94_d861_421b_b2a0_264c49b96108,
http://who.int/icd#XII,http://icat.stanford.edu/?ontology=ICD&tab=ClassesTab&id=http%3A%2F%2Fwho.int%2Ficd%23XII,
http://who.int/icd#Class_1358,http://icat.stanford.edu/?ontology=ICD&tab=ClassesTab&id=http%3A%2F%2Fwho.int%2Ficd%23Class_1358,
http://who.int/icd#Class_1547,http://icat.stanford.edu/?ontology=ICD&tab=ClassesTab&id=http%3A%2F%2Fwho.int%2Ficd%23Class_1547,
http://who.int/icd#Class_1550,http://icat.stanford.edu/?ontology=ICD&tab=ClassesTab&id=http%3A%2F%2Fwho.int%2Ficd%23Class_1550,
http://who.int/icd#Class_1552,http://icat.stanford.edu/?ontology=ICD&tab=ClassesTab&id=http%3A%2F%2Fwho.int%2Ficd%23Class_1552,
http://who.int/icd#Class_1554,http://icat.stanford.edu/?ontology=ICD&tab=ClassesTab&id=http%3A%2F%2Fwho.int%2Ficd%23Class_1554,
http://who.int/icd#Class_1557,http://icat.stanford.edu/?ontology=ICD&tab=ClassesTab&id=http%3A%2F%2Fwho.int%2Ficd%23Class_1557,
http://who.int/icd#Class_1507,http://icat.stanford.edu/?ontology=ICD&tab=ClassesTab&id=http%3A%2F%2Fwho.int%2Ficd%23Class_1507,
http://who.int/icd#11913_6bc3f235_b24a_493e_a8a3_60cb9fb52dbd,http://icat.stanford.edu/?ontology=ICD&tab=ClassesTab&id=http%3A%2F%2Fwho.int%2Ficd%2311913_6bc3f235_b24a_493e_a8a3_60cb9fb52dbd,
http://who.int/icd#6666_b047675b_e7d6_403d_8ca9_f59ab5570ff4,http://icat.stanford.edu/?ontology=ICD&tab=ClassesTab&id=http%3A%2F%2Fwho.int%2Ficd%236666_b047675b_e7d6_403d_8ca9_f59ab5570ff4,
http://who.int/icd#6688_b047675b_e7d6_403d_8ca9_f59ab5570ff4,http://icat.stanford.edu/?ontology=ICD&tab=ClassesTab&id=http%3A%2F%2Fwho.int%2Ficd%236688_b047675b_e7d6_403d_8ca9_f59ab5570ff4,
http://who.int/icd#Class_1511,http://icat.stanford.edu/?ontology=ICD&tab=ClassesTab&id=http%3A%2F%2Fwho.int%2Ficd%23Class_1511,
http://who.int/icd#Class_1759,http://icat.stanford.edu/?ontology=ICD&tab=ClassesTab&id=http%3A%2F%2Fwho.int%2Ficd%23Class_1759,
http://who.int/icd#L40.9,http://icat.stanford.edu/?ontology=ICD&tab=ClassesTab&id=http%3A%2F%2Fwho.int%2Ficd%23L40.9,
http://who.int/icd#Class_1730,http://icat.stanford.edu/?ontology=ICD&tab=ClassesTab&id=http%3A%2F%2Fwho.int%2Ficd%23Class_1730,
http://who.int/icd#L44.1,http://icat.stanford.edu/?ontology=ICD&tab=ClassesTab&id=http%3A%2F%2Fwho.int%2Ficd%23L44.1,
http://who.int/icd#L44.2,http://icat.stanford.edu/?ontology=ICD&tab=ClassesTab&id=http%3A%2F%2Fwho.int%2Ficd%23L44.2,
http://who.int/icd#L44.3,http://icat.stanford.edu/?ontology=ICD&tab=ClassesTab&id=http%3A%2F%2Fwho.int%2Ficd%23L44.3,
http://who.int/icd#L43.2,http://icat.stanford.edu/?ontology=ICD&tab=ClassesTab&id=http%3A%2F%2Fwho.int%2Ficd%23L43.2,
http://who.int/icd#Class_2106,http://icat.stanford.edu/?ontology=ICD&tab=ClassesTab&id=http%3A%2F%2Fwho.int%2Ficd%23Class_2106,
http://who.int/icd#L41.0,http://icat.stanford.edu/?ontology=ICD&tab=ClassesTab&id=http%3A%2F%2Fwho.int%2Ficd%23L41.0,
http://who.int/icd#L41.1,http://icat.stanford.edu/?ontology=ICD&tab=ClassesTab&id=http%3A%2F%2Fwho.int%2Ficd%23L41.1,
http://who.int/icd#Class_2098,http://icat.stanford.edu/?ontology=ICD&tab=ClassesTab&id=http%3A%2F%2Fwho.int%2Ficd%23Class_2098,
http://who.int/icd#Class_1734,http://icat.stanford.edu/?ontology=ICD&tab=ClassesTab&id=http%3A%2F%2Fwho.int%2Ficd%23Class_1734,
http://who.int/icd#Class_2485,http://icat.stanford.edu/?ontology=ICD&tab=ClassesTab&id=http%3A%2F%2Fwho.int%2Ficd%23Class_2485,
http://who.int/icd#Class_2487,http://icat.stanford.edu/?ontology=ICD&tab=ClassesTab&id=http%3A%2F%2Fwho.int%2Ficd%23Class_2487,
http://who.int/icd#21263_b047675b_e7d6_403d_8ca9_f59ab5570ff4,http://icat.stanford.edu/?ontology=ICD&tab=ClassesTab&id=http%3A%2F%2Fwho.int%2Ficd%2321263_b047675b_e7d6_403d_8ca9_f59ab5570ff4,
http://who.int/icd#19305_b047675b_e7d6_403d_8ca9_f59ab5570ff4,http://icat.stanford.edu/?ontology=ICD&tab=ClassesTab&id=http%3A%2F%2Fwho.int%2Ficd%2319305_b047675b_e7d6_403d_8ca9_f59ab5570ff4,
http://who.int/icd#6912_98ae51f9_6af8_41ef_b732_06c5fb864693,http://icat.stanford.edu/?ontology=ICD&tab=ClassesTab&id=http%3A%2F%2Fwho.int%2Ficd%236912_98ae51f9_6af8_41ef_b732_06c5fb864693,
http://who.int/icd#6924_98ae51f9_6af8_41ef_b732_06c5fb864693,http://icat.stanford.edu/?ontology=ICD&tab=ClassesTab&id=http%3A%2F%2Fwho.int%2Ficd%236924_98ae51f9_6af8_41ef_b732_06c5fb864693,
http://who.int/icd#6936_98ae51f9_6af8_41ef_b732_06c5fb864693,http://icat.stanford.edu/?ontology=ICD&tab=ClassesTab&id=http%3A%2F%2Fwho.int%2Ficd%236936_98ae51f9_6af8_41ef_b732_06c5fb864693,
http://who.int/icd#6960_98ae51f9_6af8_41ef_b732_06c5fb864693,http://icat.stanford.edu/?ontology=ICD&tab=ClassesTab&id=http%3A%2F%2Fwho.int%2Ficd%236960_98ae51f9_6af8_41ef_b732_06c5fb864693,
http://who.int/icd#6972_98ae51f9_6af8_41ef_b732_06c5fb864693,http://icat.stanford.edu/?ontology=ICD&tab=ClassesTab&id=http%3A%2F%2Fwho.int%2Ficd%236972_98ae51f9_6af8_41ef_b732_06c5fb864693,
http://who.int/icd#6984_98ae51f9_6af8_41ef_b732_06c5fb864693,http://icat.stanford.edu/?ontology=ICD&tab=ClassesTab&id=http%3A%2F%2Fwho.int%2Ficd%236984_98ae51f9_6af8_41ef_b732_06c5fb864693,
http://who.int/icd#6996_98ae51f9_6af8_41ef_b732_06c5fb864693,http://icat.stanford.edu/?ontology=ICD&tab=ClassesTab&id=http%3A%2F%2Fwho.int%2Ficd%236996_98ae51f9_6af8_41ef_b732_06c5fb864693,
http://who.int/icd#7008_98ae51f9_6af8_41ef_b732_06c5fb864693,http://icat.stanford.edu/?ontology=ICD&tab=ClassesTab&id=http%3A%2F%2Fwho.int%2Ficd%237008_98ae51f9_6af8_41ef_b732_06c5fb864693,
http://who.int/icd#7020_98ae51f9_6af8_41ef_b732_06c5fb864693,http://icat.stanford.edu/?ontology=ICD&tab=ClassesTab&id=http%3A%2F%2Fwho.int%2Ficd%237020_98ae51f9_6af8_41ef_b732_06c5fb864693,
http://who.int/icd#7032_98ae51f9_6af8_41ef_b732_06c5fb864693,http://icat.stanford.edu/?ontology=ICD&tab=ClassesTab&id=http%3A%2F%2Fwho.int%2Ficd%237032_98ae51f9_6af8_41ef_b732_06c5fb864693,
http://who.int/icd#7044_98ae51f9_6af8_41ef_b732_06c5fb864693,http://icat.stanford.edu/?ontology=ICD&tab=ClassesTab&id=http%3A%2F%2Fwho.int%2Ficd%237044_98ae51f9_6af8_41ef_b732_06c5fb864693,
http://who.int/icd#2076_890e173e_8bc7_44a1_9345_a738531fdd8e,http://icat.stanford.edu/?ontology=ICD&tab=ClassesTab&id=http%3A%2F%2Fwho.int%2Ficd%232076_890e173e_8bc7_44a1_9345_a738531fdd8e,
http://who.int/icd#6780_98ae51f9_6af8_41ef_b732_06c5fb864693,http://icat.stanford.edu/?ontology=ICD&tab=ClassesTab&id=http%3A%2F%2Fwho.int%2Ficd%236780_98ae51f9_6af8_41ef_b732_06c5fb864693,
http://who.int/icd#6804_98ae51f9_6af8_41ef_b732_06c5fb864693,http://icat.stanford.edu/?ontology=ICD&tab=ClassesTab&id=http%3A%2F%2Fwho.int%2Ficd%236804_98ae51f9_6af8_41ef_b732_06c5fb864693,
http://who.int/icd#3444_890e173e_8bc7_44a1_9345_a738531fdd8e,http://icat.stanford.edu/?ontology=ICD&tab=ClassesTab&id=http%3A%2F%2Fwho.int%2Ficd%233444_890e173e_8bc7_44a1_9345_a738531fdd8e,
http://who.int/icd#6840_98ae51f9_6af8_41ef_b732_06c5fb864693,http://icat.stanford.edu/?ontology=ICD&tab=ClassesTab&id=http%3A%2F%2Fwho.int%2Ficd%236840_98ae51f9_6af8_41ef_b732_06c5fb864693,
http://who.int/icd#19283_b047675b_e7d6_403d_8ca9_f59ab5570ff4,http://icat.stanford.edu/?ontology=ICD&tab=ClassesTab&id=http%3A%2F%2Fwho.int%2Ficd%2319283_b047675b_e7d6_403d_8ca9_f59ab5570ff4,
http://who.int/icd#19261_b047675b_e7d6_403d_8ca9_f59ab5570ff4,http://icat.stanford.edu/?ontology=ICD&tab=ClassesTab&id=http%3A%2F%2Fwho.int%2Ficd%2319261_b047675b_e7d6_403d_8ca9_f59ab5570ff4,
http://who.int/icd#6876_98ae51f9_6af8_41ef_b732_06c5fb864693,http://icat.stanford.edu/?ontology=ICD&tab=ClassesTab&id=http%3A%2F%2Fwho.int%2Ficd%236876_98ae51f9_6af8_41ef_b732_06c5fb864693,
http://who.int/icd#21967_b047675b_e7d6_403d_8ca9_f59ab5570ff4,http://icat.stanford.edu/?ontology=ICD&tab=ClassesTab&id=http%3A%2F%2Fwho.int%2Ficd%2321967_b047675b_e7d6_403d_8ca9_f59ab5570ff4,
http://who.int/icd#21978_b047675b_e7d6_403d_8ca9_f59ab5570ff4,http://icat.stanford.edu/?ontology=ICD&tab=ClassesTab&id=http%3A%2F%2Fwho.int%2Ficd%2321978_b047675b_e7d6_403d_8ca9_f59ab5570ff4,
http://who.int/icd#21989_b047675b_e7d6_403d_8ca9_f59ab5570ff4,http://icat.stanford.edu/?ontology=ICD&tab=ClassesTab&id=http%3A%2F%2Fwho.int%2Ficd%2321989_b047675b_e7d6_403d_8ca9_f59ab5570ff4,
http://who.int/icd#L23,http://icat.stanford.edu/?ontology=ICD&tab=ClassesTab&id=http%3A%2F%2Fwho.int%2Ficd%23L23,
http://who.int/icd#21395_b047675b_e7d6_403d_8ca9_f59ab5570ff4,http://icat.stanford.edu/?ontology=ICD&tab=ClassesTab&id=http%3A%2F%2Fwho.int%2Ficd%2321395_b047675b_e7d6_403d_8ca9_f59ab5570ff4,
http://who.int/icd#21428_b047675b_e7d6_403d_8ca9_f59ab5570ff4,http://icat.stanford.edu/?ontology=ICD&tab=ClassesTab&id=http%3A%2F%2Fwho.int%2Ficd%2321428_b047675b_e7d6_403d_8ca9_f59ab5570ff4,
http://who.int/icd#21472_b047675b_e7d6_403d_8ca9_f59ab5570ff4,http://icat.stanford.edu/?ontology=ICD&tab=ClassesTab&id=http%3A%2F%2Fwho.int%2Ficd%2321472_b047675b_e7d6_403d_8ca9_f59ab5570ff4,
http://who.int/icd#21417_b047675b_e7d6_403d_8ca9_f59ab5570ff4,http://icat.stanford.edu/?ontology=ICD&tab=ClassesTab&id=http%3A%2F%2Fwho.int%2Ficd%2321417_b047675b_e7d6_403d_8ca9_f59ab5570ff4,
http://who.int/icd#L23.0,http://icat.stanford.edu/?ontology=ICD&tab=ClassesTab&id=http%3A%2F%2Fwho.int%2Ficd%23L23.0,
http://who.int/icd#L23.2,http://icat.stanford.edu/?ontology=ICD&tab=ClassesTab&id=http%3A%2F%2Fwho.int%2Ficd%23L23.2,
http://who.int/icd#L23.3,http://icat.stanford.edu/?ontology=ICD&tab=ClassesTab&id=http%3A%2F%2Fwho.int%2Ficd%23L23.3,
http://who.int/icd#L23.7,http://icat.stanford.edu/?ontology=ICD&tab=ClassesTab&id=http%3A%2F%2Fwho.int%2Ficd%23L23.7,
http://who.int/icd#L23.8,http://icat.stanford.edu/?ontology=ICD&tab=ClassesTab&id=http%3A%2F%2Fwho.int%2Ficd%23L23.8,
http://who.int/icd#21483_b047675b_e7d6_403d_8ca9_f59ab5570ff4,http://icat.stanford.edu/?ontology=ICD&tab=ClassesTab&id=http%3A%2F%2Fwho.int%2Ficd%2321483_b047675b_e7d6_403d_8ca9_f59ab5570ff4,
http://who.int/icd#21494_b047675b_e7d6_403d_8ca9_f59ab5570ff4,http://icat.stanford.edu/?ontology=ICD&tab=ClassesTab&id=http%3A%2F%2Fwho.int%2Ficd%2321494_b047675b_e7d6_403d_8ca9_f59ab5570ff4,
http://who.int/icd#21505_b047675b_e7d6_403d_8ca9_f59ab5570ff4,http://icat.stanford.edu/?ontology=ICD&tab=ClassesTab&id=http%3A%2F%2Fwho.int%2Ficd%2321505_b047675b_e7d6_403d_8ca9_f59ab5570ff4,
http://who.int/icd#21516_b047675b_e7d6_403d_8ca9_f59ab5570ff4,http://icat.stanford.edu/?ontology=ICD&tab=ClassesTab&id=http%3A%2F%2Fwho.int%2Ficd%2321516_b047675b_e7d6_403d_8ca9_f59ab5570ff4,
http://who.int/icd#21527_b047675b_e7d6_403d_8ca9_f59ab5570ff4,http://icat.stanford.edu/?ontology=ICD&tab=ClassesTab&id=http%3A%2F%2Fwho.int%2Ficd%2321527_b047675b_e7d6_403d_8ca9_f59ab5570ff4,
http://who.int/icd#25245_b047675b_e7d6_403d_8ca9_f59ab5570ff4,http://icat.stanford.edu/?ontology=ICD&tab=ClassesTab&id=http%3A%2F%2Fwho.int%2Ficd%2325245_b047675b_e7d6_403d_8ca9_f59ab5570ff4,
http://who.int/icd#25267_b047675b_e7d6_403d_8ca9_f59ab5570ff4,http://icat.stanford.edu/?ontology=ICD&tab=ClassesTab&id=http%3A%2F%2Fwho.int%2Ficd%2325267_b047675b_e7d6_403d_8ca9_f59ab5570ff4,
http://who.int/icd#23958_b047675b_e7d6_403d_8ca9_f59ab5570ff4,http://icat.stanford.edu/?ontology=ICD&tab=ClassesTab&id=http%3A%2F%2Fwho.int%2Ficd%2323958_b047675b_e7d6_403d_8ca9_f59ab5570ff4,
http://who.int/icd#23980_b047675b_e7d6_403d_8ca9_f59ab5570ff4,http://icat.stanford.edu/?ontology=ICD&tab=ClassesTab&id=http%3A%2F%2Fwho.int%2Ficd%2323980_b047675b_e7d6_403d_8ca9_f59ab5570ff4,
http://who.int/icd#24013_b047675b_e7d6_403d_8ca9_f59ab5570ff4,http://icat.stanford.edu/?ontology=ICD&tab=ClassesTab&id=http%3A%2F%2Fwho.int%2Ficd%2324013_b047675b_e7d6_403d_8ca9_f59ab5570ff4,
http://who.int/icd#24024_b047675b_e7d6_403d_8ca9_f59ab5570ff4,http://icat.stanford.edu/?ontology=ICD&tab=ClassesTab&id=http%3A%2F%2Fwho.int%2Ficd%2324024_b047675b_e7d6_403d_8ca9_f59ab5570ff4,
http://who.int/icd#24035_b047675b_e7d6_403d_8ca9_f59ab5570ff4,http://icat.stanford.edu/?ontology=ICD&tab=ClassesTab&id=http%3A%2F%2Fwho.int%2Ficd%2324035_b047675b_e7d6_403d_8ca9_f59ab5570ff4,
http://who.int/icd#24046_b047675b_e7d6_403d_8ca9_f59ab5570ff4,http://icat.stanford.edu/?ontology=ICD&tab=ClassesTab&id=http%3A%2F%2Fwho.int%2Ficd%2324046_b047675b_e7d6_403d_8ca9_f59ab5570ff4,
http://who.int/icd#24057_b047675b_e7d6_403d_8ca9_f59ab5570ff4,http://icat.stanford.edu/?ontology=ICD&tab=ClassesTab&id=http%3A%2F%2Fwho.int%2Ficd%2324057_b047675b_e7d6_403d_8ca9_f59ab5570ff4,
http://who.int/icd#24068_b047675b_e7d6_403d_8ca9_f59ab5570ff4,http://icat.stanford.edu/?ontology=ICD&tab=ClassesTab&id=http%3A%2F%2Fwho.int%2Ficd%2324068_b047675b_e7d6_403d_8ca9_f59ab5570ff4,
http://who.int/icd#24079_b047675b_e7d6_403d_8ca9_f59ab5570ff4,http://icat.stanford.edu/?ontology=ICD&tab=ClassesTab&id=http%3A%2F%2Fwho.int%2Ficd%2324079_b047675b_e7d6_403d_8ca9_f59ab5570ff4,
http://who.int/icd#24090_b047675b_e7d6_403d_8ca9_f59ab5570ff4,http://icat.stanford.edu/?ontology=ICD&tab=ClassesTab&id=http%3A%2F%2Fwho.int%2Ficd%2324090_b047675b_e7d6_403d_8ca9_f59ab5570ff4,
http://who.int/icd#19393_b047675b_e7d6_403d_8ca9_f59ab5570ff4,http://icat.stanford.edu/?ontology=ICD&tab=ClassesTab&id=http%3A%2F%2Fwho.int%2Ficd%2319393_b047675b_e7d6_403d_8ca9_f59ab5570ff4,
http://who.int/icd#18656_b047675b_e7d6_403d_8ca9_f59ab5570ff4,http://icat.stanford.edu/?ontology=ICD&tab=ClassesTab&id=http%3A%2F%2Fwho.int%2Ficd%2318656_b047675b_e7d6_403d_8ca9_f59ab5570ff4,
http://who.int/icd#21549_b047675b_e7d6_403d_8ca9_f59ab5570ff4,http://icat.stanford.edu/?ontology=ICD&tab=ClassesTab&id=http%3A%2F%2Fwho.int%2Ficd%2321549_b047675b_e7d6_403d_8ca9_f59ab5570ff4,
http://who.int/icd#21593_b047675b_e7d6_403d_8ca9_f59ab5570ff4,http://icat.stanford.edu/?ontology=ICD&tab=ClassesTab&id=http%3A%2F%2Fwho.int%2Ficd%2321593_b047675b_e7d6_403d_8ca9_f59ab5570ff4,
http://who.int/icd#21604_b047675b_e7d6_403d_8ca9_f59ab5570ff4,http://icat.stanford.edu/?ontology=ICD&tab=ClassesTab&id=http%3A%2F%2Fwho.int%2Ficd%2321604_b047675b_e7d6_403d_8ca9_f59ab5570ff4,
http://who.int/icd#21615_b047675b_e7d6_403d_8ca9_f59ab5570ff4,http://icat.stanford.edu/?ontology=ICD&tab=ClassesTab&id=http%3A%2F%2Fwho.int%2Ficd%2321615_b047675b_e7d6_403d_8ca9_f59ab5570ff4,
http://who.int/icd#21626_b047675b_e7d6_403d_8ca9_f59ab5570ff4,http://icat.stanford.edu/?ontology=ICD&tab=ClassesTab&id=http%3A%2F%2Fwho.int%2Ficd%2321626_b047675b_e7d6_403d_8ca9_f59ab5570ff4,
http://who.int/icd#21648_b047675b_e7d6_403d_8ca9_f59ab5570ff4,http://icat.stanford.edu/?ontology=ICD&tab=ClassesTab&id=http%3A%2F%2Fwho.int%2Ficd%2321648_b047675b_e7d6_403d_8ca9_f59ab5570ff4,
http://who.int/icd#21659_b047675b_e7d6_403d_8ca9_f59ab5570ff4,http://icat.stanford.edu/?ontology=ICD&tab=ClassesTab&id=http%3A%2F%2Fwho.int%2Ficd%2321659_b047675b_e7d6_403d_8ca9_f59ab5570ff4,
http://who.int/icd#Class_1597,http://icat.stanford.edu/?ontology=ICD&tab=ClassesTab&id=http%3A%2F%2Fwho.int%2Ficd%23Class_1597,
http://who.int/icd#Class_1223,http://icat.stanford.edu/?ontology=ICD&tab=ClassesTab&id=http%3A%2F%2Fwho.int%2Ficd%23Class_1223,
http://who.int/icd#19272_b047675b_e7d6_403d_8ca9_f59ab5570ff4,http://icat.stanford.edu/?ontology=ICD&tab=ClassesTab&id=http%3A%2F%2Fwho.int%2Ficd%2319272_b047675b_e7d6_403d_8ca9_f59ab5570ff4,
http://who.int/icd#19371_b047675b_e7d6_403d_8ca9_f59ab5570ff4,http://icat.stanford.edu/?ontology=ICD&tab=ClassesTab&id=http%3A%2F%2Fwho.int%2Ficd%2319371_b047675b_e7d6_403d_8ca9_f59ab5570ff4,
http://who.int/icd#Class_1751,http://icat.stanford.edu/?ontology=ICD&tab=ClassesTab&id=http%3A%2F%2Fwho.int%2Ficd%23Class_1751,
http://who.int/icd#19327_b047675b_e7d6_403d_8ca9_f59ab5570ff4,http://icat.stanford.edu/?ontology=ICD&tab=ClassesTab&id=http%3A%2F%2Fwho.int%2Ficd%2319327_b047675b_e7d6_403d_8ca9_f59ab5570ff4,
http://who.int/icd#19360_b047675b_e7d6_403d_8ca9_f59ab5570ff4,http://icat.stanford.edu/?ontology=ICD&tab=ClassesTab&id=http%3A%2F%2Fwho.int%2Ficd%2319360_b047675b_e7d6_403d_8ca9_f59ab5570ff4,
http://who.int/icd#23606_b047675b_e7d6_403d_8ca9_f59ab5570ff4,http://icat.stanford.edu/?ontology=ICD&tab=ClassesTab&id=http%3A%2F%2Fwho.int%2Ficd%2323606_b047675b_e7d6_403d_8ca9_f59ab5570ff4,
http://who.int/icd#Class_2289,http://icat.stanford.edu/?ontology=ICD&tab=ClassesTab&id=http%3A%2F%2Fwho.int%2Ficd%23Class_2289,
http://who.int/icd#19239_b047675b_e7d6_403d_8ca9_f59ab5570ff4,http://icat.stanford.edu/?ontology=ICD&tab=ClassesTab&id=http%3A%2F%2Fwho.int%2Ficd%2319239_b047675b_e7d6_403d_8ca9_f59ab5570ff4,
http://who.int/icd#19250_b047675b_e7d6_403d_8ca9_f59ab5570ff4,http://icat.stanford.edu/?ontology=ICD&tab=ClassesTab&id=http%3A%2F%2Fwho.int%2Ficd%2319250_b047675b_e7d6_403d_8ca9_f59ab5570ff4,
http://who.int/icd#19316_b047675b_e7d6_403d_8ca9_f59ab5570ff4,http://icat.stanford.edu/?ontology=ICD&tab=ClassesTab&id=http%3A%2F%2Fwho.int%2Ficd%2319316_b047675b_e7d6_403d_8ca9_f59ab5570ff4,
http://who.int/icd#19338_b047675b_e7d6_403d_8ca9_f59ab5570ff4,http://icat.stanford.edu/?ontology=ICD&tab=ClassesTab&id=http%3A%2F%2Fwho.int%2Ficd%2319338_b047675b_e7d6_403d_8ca9_f59ab5570ff4,
http://who.int/icd#19349_b047675b_e7d6_403d_8ca9_f59ab5570ff4,http://icat.stanford.edu/?ontology=ICD&tab=ClassesTab&id=http%3A%2F%2Fwho.int%2Ficd%2319349_b047675b_e7d6_403d_8ca9_f59ab5570ff4,
http://who.int/icd#19448_b047675b_e7d6_403d_8ca9_f59ab5570ff4,http://icat.stanford.edu/?ontology=ICD&tab=ClassesTab&id=http%3A%2F%2Fwho.int%2Ficd%2319448_b047675b_e7d6_403d_8ca9_f59ab5570ff4,
http://who.int/icd#L30.1,http://icat.stanford.edu/?ontology=ICD&tab=ClassesTab&id=http%3A%2F%2Fwho.int%2Ficd%23L30.1,
http://who.int/icd#Class_1211,http://icat.stanford.edu/?ontology=ICD&tab=ClassesTab&id=http%3A%2F%2Fwho.int%2Ficd%23Class_1211,
http://who.int/icd#Class_2329,http://icat.stanford.edu/?ontology=ICD&tab=ClassesTab&id=http%3A%2F%2Fwho.int%2Ficd%23Class_2329,
http://who.int/icd#Class_2285,http://icat.stanford.edu/?ontology=ICD&tab=ClassesTab&id=http%3A%2F%2Fwho.int%2Ficd%23Class_2285,
http://who.int/icd#Class_2335,http://icat.stanford.edu/?ontology=ICD&tab=ClassesTab&id=http%3A%2F%2Fwho.int%2Ficd%23Class_2335,
http://who.int/icd#Class_2338,http://icat.stanford.edu/?ontology=ICD&tab=ClassesTab&id=http%3A%2F%2Fwho.int%2Ficd%23Class_2338,
http://who.int/icd#L20,http://icat.stanford.edu/?ontology=ICD&tab=ClassesTab&id=http%3A%2F%2Fwho.int%2Ficd%23L20,
http://who.int/icd#605_2985fd4a_87e8_4e76_ac83_2a5b74c14300,http://icat.stanford.edu/?ontology=ICD&tab=ClassesTab&id=http%3A%2F%2Fwho.int%2Ficd%23605_2985fd4a_87e8_4e76_ac83_2a5b74c14300,
http://who.int/icd#19789_b047675b_e7d6_403d_8ca9_f59ab5570ff4,http://icat.stanford.edu/?ontology=ICD&tab=ClassesTab&id=http%3A%2F%2Fwho.int%2Ficd%2319789_b047675b_e7d6_403d_8ca9_f59ab5570ff4,
http://who.int/icd#616_2985fd4a_87e8_4e76_ac83_2a5b74c14300,http://icat.stanford.edu/?ontology=ICD&tab=ClassesTab&id=http%3A%2F%2Fwho.int%2Ficd%23616_2985fd4a_87e8_4e76_ac83_2a5b74c14300,
http://who.int/icd#19800_b047675b_e7d6_403d_8ca9_f59ab5570ff4,http://icat.stanford.edu/?ontology=ICD&tab=ClassesTab&id=http%3A%2F%2Fwho.int%2Ficd%2319800_b047675b_e7d6_403d_8ca9_f59ab5570ff4,
http://who.int/icd#19811_b047675b_e7d6_403d_8ca9_f59ab5570ff4,http://icat.stanford.edu/?ontology=ICD&tab=ClassesTab&id=http%3A%2F%2Fwho.int%2Ficd%2319811_b047675b_e7d6_403d_8ca9_f59ab5570ff4,
http://who.int/icd#19822_b047675b_e7d6_403d_8ca9_f59ab5570ff4,http://icat.stanford.edu/?ontology=ICD&tab=ClassesTab&id=http%3A%2F%2Fwho.int%2Ficd%2319822_b047675b_e7d6_403d_8ca9_f59ab5570ff4,
http://who.int/icd#19833_b047675b_e7d6_403d_8ca9_f59ab5570ff4,http://icat.stanford.edu/?ontology=ICD&tab=ClassesTab&id=http%3A%2F%2Fwho.int%2Ficd%2319833_b047675b_e7d6_403d_8ca9_f59ab5570ff4,
http://who.int/icd#19844_b047675b_e7d6_403d_8ca9_f59ab5570ff4,http://icat.stanford.edu/?ontology=ICD&tab=ClassesTab&id=http%3A%2F%2Fwho.int%2Ficd%2319844_b047675b_e7d6_403d_8ca9_f59ab5570ff4,
http://who.int/icd#19910_b047675b_e7d6_403d_8ca9_f59ab5570ff4,http://icat.stanford.edu/?ontology=ICD&tab=ClassesTab&id=http%3A%2F%2Fwho.int%2Ficd%2319910_b047675b_e7d6_403d_8ca9_f59ab5570ff4,
http://who.int/icd#627_2985fd4a_87e8_4e76_ac83_2a5b74c14300,http://icat.stanford.edu/?ontology=ICD&tab=ClassesTab&id=http%3A%2F%2Fwho.int%2Ficd%23627_2985fd4a_87e8_4e76_ac83_2a5b74c14300,
http://who.int/icd#19855_b047675b_e7d6_403d_8ca9_f59ab5570ff4,http://icat.stanford.edu/?ontology=ICD&tab=ClassesTab&id=http%3A%2F%2Fwho.int%2Ficd%2319855_b047675b_e7d6_403d_8ca9_f59ab5570ff4,
http://who.int/icd#19866_b047675b_e7d6_403d_8ca9_f59ab5570ff4,http://icat.stanford.edu/?ontology=ICD&tab=ClassesTab&id=http%3A%2F%2Fwho.int%2Ficd%2319866_b047675b_e7d6_403d_8ca9_f59ab5570ff4,
http://who.int/icd#19877_b047675b_e7d6_403d_8ca9_f59ab5570ff4,http://icat.stanford.edu/?ontology=ICD&tab=ClassesTab&id=http%3A%2F%2Fwho.int%2Ficd%2319877_b047675b_e7d6_403d_8ca9_f59ab5570ff4,
http://who.int/icd#19888_b047675b_e7d6_403d_8ca9_f59ab5570ff4,http://icat.stanford.edu/?ontology=ICD&tab=ClassesTab&id=http%3A%2F%2Fwho.int%2Ficd%2319888_b047675b_e7d6_403d_8ca9_f59ab5570ff4,
http://who.int/icd#19899_b047675b_e7d6_403d_8ca9_f59ab5570ff4,http://icat.stanford.edu/?ontology=ICD&tab=ClassesTab&id=http%3A%2F%2Fwho.int%2Ficd%2319899_b047675b_e7d6_403d_8ca9_f59ab5570ff4,
http://who.int/icd#19921_b047675b_e7d6_403d_8ca9_f59ab5570ff4,http://icat.stanford.edu/?ontology=ICD&tab=ClassesTab&id=http%3A%2F%2Fwho.int%2Ficd%2319921_b047675b_e7d6_403d_8ca9_f59ab5570ff4,
http://who.int/icd#23573_b047675b_e7d6_403d_8ca9_f59ab5570ff4,http://icat.stanford.edu/?ontology=ICD&tab=ClassesTab&id=http%3A%2F%2Fwho.int%2Ficd%2323573_b047675b_e7d6_403d_8ca9_f59ab5570ff4,
http://who.int/icd#23562_b047675b_e7d6_403d_8ca9_f59ab5570ff4,http://icat.stanford.edu/?ontology=ICD&tab=ClassesTab&id=http%3A%2F%2Fwho.int%2Ficd%2323562_b047675b_e7d6_403d_8ca9_f59ab5570ff4,
http://who.int/icd#19228_b047675b_e7d6_403d_8ca9_f59ab5570ff4,http://icat.stanford.edu/?ontology=ICD&tab=ClassesTab&id=http%3A%2F%2Fwho.int%2Ficd%2319228_b047675b_e7d6_403d_8ca9_f59ab5570ff4,
http://who.int/icd#23584_b047675b_e7d6_403d_8ca9_f59ab5570ff4,http://icat.stanford.edu/?ontology=ICD&tab=ClassesTab&id=http%3A%2F%2Fwho.int%2Ficd%2323584_b047675b_e7d6_403d_8ca9_f59ab5570ff4,
http://who.int/icd#23595_b047675b_e7d6_403d_8ca9_f59ab5570ff4,http://icat.stanford.edu/?ontology=ICD&tab=ClassesTab&id=http%3A%2F%2Fwho.int%2Ficd%2323595_b047675b_e7d6_403d_8ca9_f59ab5570ff4,
http://who.int/icd#L30.0,http://icat.stanford.edu/?ontology=ICD&tab=ClassesTab&id=http%3A%2F%2Fwho.int%2Ficd%23L30.0,
http://who.int/icd#19767_b047675b_e7d6_403d_8ca9_f59ab5570ff4,http://icat.stanford.edu/?ontology=ICD&tab=ClassesTab&id=http%3A%2F%2Fwho.int%2Ficd%2319767_b047675b_e7d6_403d_8ca9_f59ab5570ff4,
http://who.int/icd#19778_b047675b_e7d6_403d_8ca9_f59ab5570ff4,http://icat.stanford.edu/?ontology=ICD&tab=ClassesTab&id=http%3A%2F%2Fwho.int%2Ficd%2319778_b047675b_e7d6_403d_8ca9_f59ab5570ff4,
http://who.int/icd#L21,http://icat.stanford.edu/?ontology=ICD&tab=ClassesTab&id=http%3A%2F%2Fwho.int%2Ficd%23L21,
http://who.int/icd#L21.9,http://icat.stanford.edu/?ontology=ICD&tab=ClassesTab&id=http%3A%2F%2Fwho.int%2Ficd%23L21.9,
http://who.int/icd#L21.1,http://icat.stanford.edu/?ontology=ICD&tab=ClassesTab&id=http%3A%2F%2Fwho.int%2Ficd%23L21.1,
http://who.int/icd#23463_b047675b_e7d6_403d_8ca9_f59ab5570ff4,http://icat.stanford.edu/?ontology=ICD&tab=ClassesTab&id=http%3A%2F%2Fwho.int%2Ficd%2323463_b047675b_e7d6_403d_8ca9_f59ab5570ff4,
http://who.int/icd#23474_b047675b_e7d6_403d_8ca9_f59ab5570ff4,http://icat.stanford.edu/?ontology=ICD&tab=ClassesTab&id=http%3A%2F%2Fwho.int%2Ficd%2323474_b047675b_e7d6_403d_8ca9_f59ab5570ff4,
http://who.int/icd#19943_b047675b_e7d6_403d_8ca9_f59ab5570ff4,http://icat.stanford.edu/?ontology=ICD&tab=ClassesTab&id=http%3A%2F%2Fwho.int%2Ficd%2319943_b047675b_e7d6_403d_8ca9_f59ab5570ff4,
http://who.int/icd#23430_b047675b_e7d6_403d_8ca9_f59ab5570ff4,http://icat.stanford.edu/?ontology=ICD&tab=ClassesTab&id=http%3A%2F%2Fwho.int%2Ficd%2323430_b047675b_e7d6_403d_8ca9_f59ab5570ff4,
http://who.int/icd#L21.0,http://icat.stanford.edu/?ontology=ICD&tab=ClassesTab&id=http%3A%2F%2Fwho.int%2Ficd%23L21.0,
http://who.int/icd#23507_b047675b_e7d6_403d_8ca9_f59ab5570ff4,http://icat.stanford.edu/?ontology=ICD&tab=ClassesTab&id=http%3A%2F%2Fwho.int%2Ficd%2323507_b047675b_e7d6_403d_8ca9_f59ab5570ff4,
http://who.int/icd#23518_b047675b_e7d6_403d_8ca9_f59ab5570ff4,http://icat.stanford.edu/?ontology=ICD&tab=ClassesTab&id=http%3A%2F%2Fwho.int%2Ficd%2323518_b047675b_e7d6_403d_8ca9_f59ab5570ff4,
http://who.int/icd#23529_b047675b_e7d6_403d_8ca9_f59ab5570ff4,http://icat.stanford.edu/?ontology=ICD&tab=ClassesTab&id=http%3A%2F%2Fwho.int%2Ficd%2323529_b047675b_e7d6_403d_8ca9_f59ab5570ff4,
http://who.int/icd#23617_b047675b_e7d6_403d_8ca9_f59ab5570ff4,http://icat.stanford.edu/?ontology=ICD&tab=ClassesTab&id=http%3A%2F%2Fwho.int%2Ficd%2323617_b047675b_e7d6_403d_8ca9_f59ab5570ff4,
http://who.int/icd#23628_b047675b_e7d6_403d_8ca9_f59ab5570ff4,http://icat.stanford.edu/?ontology=ICD&tab=ClassesTab&id=http%3A%2F%2Fwho.int%2Ficd%2323628_b047675b_e7d6_403d_8ca9_f59ab5570ff4,
http://who.int/icd#H01.13,http://icat.stanford.edu/?ontology=ICD&tab=ClassesTab&id=http%3A%2F%2Fwho.int%2Ficd%23H01.13,
http://who.int/icd#H01.11,http://icat.stanford.edu/?ontology=ICD&tab=ClassesTab&id=http%3A%2F%2Fwho.int%2Ficd%23H01.11,
http://who.int/icd#23639_b047675b_e7d6_403d_8ca9_f59ab5570ff4,http://icat.stanford.edu/?ontology=ICD&tab=ClassesTab&id=http%3A%2F%2Fwho.int%2Ficd%2323639_b047675b_e7d6_403d_8ca9_f59ab5570ff4,
http://who.int/icd#23650_b047675b_e7d6_403d_8ca9_f59ab5570ff4,http://icat.stanford.edu/?ontology=ICD&tab=ClassesTab&id=http%3A%2F%2Fwho.int%2Ficd%2323650_b047675b_e7d6_403d_8ca9_f59ab5570ff4,
http://who.int/icd#23661_b047675b_e7d6_403d_8ca9_f59ab5570ff4,http://icat.stanford.edu/?ontology=ICD&tab=ClassesTab&id=http%3A%2F%2Fwho.int%2Ficd%2323661_b047675b_e7d6_403d_8ca9_f59ab5570ff4,
http://who.int/icd#19932_b047675b_e7d6_403d_8ca9_f59ab5570ff4,http://icat.stanford.edu/?ontology=ICD&tab=ClassesTab&id=http%3A%2F%2Fwho.int%2Ficd%2319932_b047675b_e7d6_403d_8ca9_f59ab5570ff4,
http://who.int/icd#23485_b047675b_e7d6_403d_8ca9_f59ab5570ff4,http://icat.stanford.edu/?ontology=ICD&tab=ClassesTab&id=http%3A%2F%2Fwho.int%2Ficd%2323485_b047675b_e7d6_403d_8ca9_f59ab5570ff4,
http://who.int/icd#23496_b047675b_e7d6_403d_8ca9_f59ab5570ff4,http://icat.stanford.edu/?ontology=ICD&tab=ClassesTab&id=http%3A%2F%2Fwho.int%2Ficd%2323496_b047675b_e7d6_403d_8ca9_f59ab5570ff4,
http://who.int/icd#23672_b047675b_e7d6_403d_8ca9_f59ab5570ff4,http://icat.stanford.edu/?ontology=ICD&tab=ClassesTab&id=http%3A%2F%2Fwho.int%2Ficd%2323672_b047675b_e7d6_403d_8ca9_f59ab5570ff4,
http://who.int/icd#23705_b047675b_e7d6_403d_8ca9_f59ab5570ff4,http://icat.stanford.edu/?ontology=ICD&tab=ClassesTab&id=http%3A%2F%2Fwho.int%2Ficd%2323705_b047675b_e7d6_403d_8ca9_f59ab5570ff4,
http://who.int/icd#L28.0,http://icat.stanford.edu/?ontology=ICD&tab=ClassesTab&id=http%3A%2F%2Fwho.int%2Ficd%23L28.0,
http://who.int/icd#23716_b047675b_e7d6_403d_8ca9_f59ab5570ff4,http://icat.stanford.edu/?ontology=ICD&tab=ClassesTab&id=http%3A%2F%2Fwho.int%2Ficd%2323716_b047675b_e7d6_403d_8ca9_f59ab5570ff4,
http://who.int/icd#473_99aed0e6_3707_4241_bb2b_12b1df36e984,http://icat.stanford.edu/?ontology=ICD&tab=ClassesTab&id=http%3A%2F%2Fwho.int%2Ficd%23473_99aed0e6_3707_4241_bb2b_12b1df36e984,
http://who.int/icd#23727_b047675b_e7d6_403d_8ca9_f59ab5570ff4,http://icat.stanford.edu/?ontology=ICD&tab=ClassesTab&id=http%3A%2F%2Fwho.int%2Ficd%2323727_b047675b_e7d6_403d_8ca9_f59ab5570ff4,
http://who.int/icd#23738_b047675b_e7d6_403d_8ca9_f59ab5570ff4,http://icat.stanford.edu/?ontology=ICD&tab=ClassesTab&id=http%3A%2F%2Fwho.int%2Ficd%2323738_b047675b_e7d6_403d_8ca9_f59ab5570ff4,
http://who.int/icd#23749_b047675b_e7d6_403d_8ca9_f59ab5570ff4,http://icat.stanford.edu/?ontology=ICD&tab=ClassesTab&id=http%3A%2F%2Fwho.int%2Ficd%2323749_b047675b_e7d6_403d_8ca9_f59ab5570ff4,
http://who.int/icd#23760_b047675b_e7d6_403d_8ca9_f59ab5570ff4,http://icat.stanford.edu/?ontology=ICD&tab=ClassesTab&id=http%3A%2F%2Fwho.int%2Ficd%2323760_b047675b_e7d6_403d_8ca9_f59ab5570ff4,
http://who.int/icd#L50.6,http://icat.stanford.edu/?ontology=ICD&tab=ClassesTab&id=http%3A%2F%2Fwho.int%2Ficd%23L50.6,
http://who.int/icd#18678_b047675b_e7d6_403d_8ca9_f59ab5570ff4,http://icat.stanford.edu/?ontology=ICD&tab=ClassesTab&id=http%3A%2F%2Fwho.int%2Ficd%2318678_b047675b_e7d6_403d_8ca9_f59ab5570ff4,
http://who.int/icd#21681_b047675b_e7d6_403d_8ca9_f59ab5570ff4,http://icat.stanford.edu/?ontology=ICD&tab=ClassesTab&id=http%3A%2F%2Fwho.int%2Ficd%2321681_b047675b_e7d6_403d_8ca9_f59ab5570ff4,
http://who.int/icd#21758_b047675b_e7d6_403d_8ca9_f59ab5570ff4,http://icat.stanford.edu/?ontology=ICD&tab=ClassesTab&id=http%3A%2F%2Fwho.int%2Ficd%2321758_b047675b_e7d6_403d_8ca9_f59ab5570ff4,
http://who.int/icd#21725_b047675b_e7d6_403d_8ca9_f59ab5570ff4,http://icat.stanford.edu/?ontology=ICD&tab=ClassesTab&id=http%3A%2F%2Fwho.int%2Ficd%2321725_b047675b_e7d6_403d_8ca9_f59ab5570ff4,
http://who.int/icd#21131_b047675b_e7d6_403d_8ca9_f59ab5570ff4,http://icat.stanford.edu/?ontology=ICD&tab=ClassesTab&id=http%3A%2F%2Fwho.int%2Ficd%2321131_b047675b_e7d6_403d_8ca9_f59ab5570ff4,
http://who.int/icd#21241_b047675b_e7d6_403d_8ca9_f59ab5570ff4,http://icat.stanford.edu/?ontology=ICD&tab=ClassesTab&id=http%3A%2F%2Fwho.int%2Ficd%2321241_b047675b_e7d6_403d_8ca9_f59ab5570ff4,
http://who.int/icd#Class_1638,http://icat.stanford.edu/?ontology=ICD&tab=ClassesTab&id=http%3A%2F%2Fwho.int%2Ficd%23Class_1638,
http://who.int/icd#Class_2295,http://icat.stanford.edu/?ontology=ICD&tab=ClassesTab&id=http%3A%2F%2Fwho.int%2Ficd%23Class_2295,
http://who.int/icd#L50.0,http://icat.stanford.edu/?ontology=ICD&tab=ClassesTab&id=http%3A%2F%2Fwho.int%2Ficd%23L50.0,
http://who.int/icd#8736_890e173e_8bc7_44a1_9345_a738531fdd8e,http://icat.stanford.edu/?ontology=ICD&tab=ClassesTab&id=http%3A%2F%2Fwho.int%2Ficd%238736_890e173e_8bc7_44a1_9345_a738531fdd8e,
http://who.int/icd#8748_890e173e_8bc7_44a1_9345_a738531fdd8e,http://icat.stanford.edu/?ontology=ICD&tab=ClassesTab&id=http%3A%2F%2Fwho.int%2Ficd%238748_890e173e_8bc7_44a1_9345_a738531fdd8e,
http://who.int/icd#8760_890e173e_8bc7_44a1_9345_a738531fdd8e,http://icat.stanford.edu/?ontology=ICD&tab=ClassesTab&id=http%3A%2F%2Fwho.int%2Ficd%238760_890e173e_8bc7_44a1_9345_a738531fdd8e,
http://who.int/icd#8772_890e173e_8bc7_44a1_9345_a738531fdd8e,http://icat.stanford.edu/?ontology=ICD&tab=ClassesTab&id=http%3A%2F%2Fwho.int%2Ficd%238772_890e173e_8bc7_44a1_9345_a738531fdd8e,
http://who.int/icd#L50.1,http://icat.stanford.edu/?ontology=ICD&tab=ClassesTab&id=http%3A%2F%2Fwho.int%2Ficd%23L50.1,
http://who.int/icd#8784_890e173e_8bc7_44a1_9345_a738531fdd8e,http://icat.stanford.edu/?ontology=ICD&tab=ClassesTab&id=http%3A%2F%2Fwho.int%2Ficd%238784_890e173e_8bc7_44a1_9345_a738531fdd8e,
http://who.int/icd#8796_890e173e_8bc7_44a1_9345_a738531fdd8e,http://icat.stanford.edu/?ontology=ICD&tab=ClassesTab&id=http%3A%2F%2Fwho.int%2Ficd%238796_890e173e_8bc7_44a1_9345_a738531fdd8e,
http://who.int/icd#8808_890e173e_8bc7_44a1_9345_a738531fdd8e,http://icat.stanford.edu/?ontology=ICD&tab=ClassesTab&id=http%3A%2F%2Fwho.int%2Ficd%238808_890e173e_8bc7_44a1_9345_a738531fdd8e,
http://who.int/icd#8820_890e173e_8bc7_44a1_9345_a738531fdd8e,http://icat.stanford.edu/?ontology=ICD&tab=ClassesTab&id=http%3A%2F%2Fwho.int%2Ficd%238820_890e173e_8bc7_44a1_9345_a738531fdd8e,
http://who.int/icd#8832_890e173e_8bc7_44a1_9345_a738531fdd8e,http://icat.stanford.edu/?ontology=ICD&tab=ClassesTab&id=http%3A%2F%2Fwho.int%2Ficd%238832_890e173e_8bc7_44a1_9345_a738531fdd8e,
http://who.int/icd#Class_1643,http://icat.stanford.edu/?ontology=ICD&tab=ClassesTab&id=http%3A%2F%2Fwho.int%2Ficd%23Class_1643,
http://who.int/icd#L50.5,http://icat.stanford.edu/?ontology=ICD&tab=ClassesTab&id=http%3A%2F%2Fwho.int%2Ficd%23L50.5,
http://who.int/icd#5742_e9c55f4e_825c_45d7_ba2c_0fdc673d688a,http://icat.stanford.edu/?ontology=ICD&tab=ClassesTab&id=http%3A%2F%2Fwho.int%2Ficd%235742_e9c55f4e_825c_45d7_ba2c_0fdc673d688a,
http://who.int/icd#5753_e9c55f4e_825c_45d7_ba2c_0fdc673d688a,http://icat.stanford.edu/?ontology=ICD&tab=ClassesTab&id=http%3A%2F%2Fwho.int%2Ficd%235753_e9c55f4e_825c_45d7_ba2c_0fdc673d688a,
http://who.int/icd#Class_1650,http://icat.stanford.edu/?ontology=ICD&tab=ClassesTab&id=http%3A%2F%2Fwho.int%2Ficd%23Class_1650,
http://who.int/icd#8508_890e173e_8bc7_44a1_9345_a738531fdd8e,http://icat.stanford.edu/?ontology=ICD&tab=ClassesTab&id=http%3A%2F%2Fwho.int%2Ficd%238508_890e173e_8bc7_44a1_9345_a738531fdd8e,
http://who.int/icd#8520_890e173e_8bc7_44a1_9345_a738531fdd8e,http://icat.stanford.edu/?ontology=ICD&tab=ClassesTab&id=http%3A%2F%2Fwho.int%2Ficd%238520_890e173e_8bc7_44a1_9345_a738531fdd8e,
http://who.int/icd#8532_890e173e_8bc7_44a1_9345_a738531fdd8e,http://icat.stanford.edu/?ontology=ICD&tab=ClassesTab&id=http%3A%2F%2Fwho.int%2Ficd%238532_890e173e_8bc7_44a1_9345_a738531fdd8e,
http://who.int/icd#8616_890e173e_8bc7_44a1_9345_a738531fdd8e,http://icat.stanford.edu/?ontology=ICD&tab=ClassesTab&id=http%3A%2F%2Fwho.int%2Ficd%238616_890e173e_8bc7_44a1_9345_a738531fdd8e,
http://who.int/icd#Class_1668,http://icat.stanford.edu/?ontology=ICD&tab=ClassesTab&id=http%3A%2F%2Fwho.int%2Ficd%23Class_1668,
http://who.int/icd#8376_890e173e_8bc7_44a1_9345_a738531fdd8e,http://icat.stanford.edu/?ontology=ICD&tab=ClassesTab&id=http%3A%2F%2Fwho.int%2Ficd%238376_890e173e_8bc7_44a1_9345_a738531fdd8e,
http://who.int/icd#Class_2292,http://icat.stanford.edu/?ontology=ICD&tab=ClassesTab&id=http%3A%2F%2Fwho.int%2Ficd%23Class_2292,
http://who.int/icd#Class_2311,http://icat.stanford.edu/?ontology=ICD&tab=ClassesTab&id=http%3A%2F%2Fwho.int%2Ficd%23Class_2311,
http://who.int/icd#Class_2313,http://icat.stanford.edu/?ontology=ICD&tab=ClassesTab&id=http%3A%2F%2Fwho.int%2Ficd%23Class_2313,
http://who.int/icd#Class_2319,http://icat.stanford.edu/?ontology=ICD&tab=ClassesTab&id=http%3A%2F%2Fwho.int%2Ficd%23Class_2319,
http://who.int/icd#L50.3,http://icat.stanford.edu/?ontology=ICD&tab=ClassesTab&id=http%3A%2F%2Fwho.int%2Ficd%23L50.3,
http://who.int/icd#L56.3,http://icat.stanford.edu/?ontology=ICD&tab=ClassesTab&id=http%3A%2F%2Fwho.int%2Ficd%23L56.3,
http://who.int/icd#L50.8,http://icat.stanford.edu/?ontology=ICD&tab=ClassesTab&id=http%3A%2F%2Fwho.int%2Ficd%23L50.8,
http://who.int/icd#Class_2339,http://icat.stanford.edu/?ontology=ICD&tab=ClassesTab&id=http%3A%2F%2Fwho.int%2Ficd%23Class_2339,
http://who.int/icd#8724_890e173e_8bc7_44a1_9345_a738531fdd8e,http://icat.stanford.edu/?ontology=ICD&tab=ClassesTab&id=http%3A%2F%2Fwho.int%2Ficd%238724_890e173e_8bc7_44a1_9345_a738531fdd8e,
http://who.int/icd#Class_1362,http://icat.stanford.edu/?ontology=ICD&tab=ClassesTab&id=http%3A%2F%2Fwho.int%2Ficd%23Class_1362,
http://who.int/icd#Class_1366,http://icat.stanford.edu/?ontology=ICD&tab=ClassesTab&id=http%3A%2F%2Fwho.int%2Ficd%23Class_1366,
http://who.int/icd#Class_1441,http://icat.stanford.edu/?ontology=ICD&tab=ClassesTab&id=http%3A%2F%2Fwho.int%2Ficd%23Class_1441,
http://who.int/icd#Class_1741,http://icat.stanford.edu/?ontology=ICD&tab=ClassesTab&id=http%3A%2F%2Fwho.int%2Ficd%23Class_1741,
http://who.int/icd#L28.1,http://icat.stanford.edu/?ontology=ICD&tab=ClassesTab&id=http%3A%2F%2Fwho.int%2Ficd%23L28.1,
http://who.int/icd#L28.2,http://icat.stanford.edu/?ontology=ICD&tab=ClassesTab&id=http%3A%2F%2Fwho.int%2Ficd%23L28.2,
http://who.int/icd#2266_b047675b_e7d6_403d_8ca9_f59ab5570ff4,http://icat.stanford.edu/?ontology=ICD&tab=ClassesTab&id=http%3A%2F%2Fwho.int%2Ficd%232266_b047675b_e7d6_403d_8ca9_f59ab5570ff4,
http://who.int/icd#2486_b047675b_e7d6_403d_8ca9_f59ab5570ff4,http://icat.stanford.edu/?ontology=ICD&tab=ClassesTab&id=http%3A%2F%2Fwho.int%2Ficd%232486_b047675b_e7d6_403d_8ca9_f59ab5570ff4,
http://who.int/icd#Class_1177,http://icat.stanford.edu/?ontology=ICD&tab=ClassesTab&id=http%3A%2F%2Fwho.int%2Ficd%23Class_1177,
http://who.int/icd#462_99aed0e6_3707_4241_bb2b_12b1df36e984,http://icat.stanford.edu/?ontology=ICD&tab=ClassesTab&id=http%3A%2F%2Fwho.int%2Ficd%23462_99aed0e6_3707_4241_bb2b_12b1df36e984,
http://who.int/icd#11154_6bc3f235_b24a_493e_a8a3_60cb9fb52dbd,http://icat.stanford.edu/?ontology=ICD&tab=ClassesTab&id=http%3A%2F%2Fwho.int%2Ficd%2311154_6bc3f235_b24a_493e_a8a3_60cb9fb52dbd,
http://who.int/icd#7320_890e173e_8bc7_44a1_9345_a738531fdd8e,http://icat.stanford.edu/?ontology=ICD&tab=ClassesTab&id=http%3A%2F%2Fwho.int%2Ficd%237320_890e173e_8bc7_44a1_9345_a738531fdd8e,
http://who.int/icd#Class_1180,http://icat.stanford.edu/?ontology=ICD&tab=ClassesTab&id=http%3A%2F%2Fwho.int%2Ficd%23Class_1180,
http://who.int/icd#L29,http://icat.stanford.edu/?ontology=ICD&tab=ClassesTab&id=http%3A%2F%2Fwho.int%2Ficd%23L29,
http://who.int/icd#L29.9,http://icat.stanford.edu/?ontology=ICD&tab=ClassesTab&id=http%3A%2F%2Fwho.int%2Ficd%23L29.9,
http://who.int/icd#2277_b047675b_e7d6_403d_8ca9_f59ab5570ff4,http://icat.stanford.edu/?ontology=ICD&tab=ClassesTab&id=http%3A%2F%2Fwho.int%2Ficd%232277_b047675b_e7d6_403d_8ca9_f59ab5570ff4,
http://who.int/icd#2288_b047675b_e7d6_403d_8ca9_f59ab5570ff4,http://icat.stanford.edu/?ontology=ICD&tab=ClassesTab&id=http%3A%2F%2Fwho.int%2Ficd%232288_b047675b_e7d6_403d_8ca9_f59ab5570ff4,
http://who.int/icd#2376_b047675b_e7d6_403d_8ca9_f59ab5570ff4,http://icat.stanford.edu/?ontology=ICD&tab=ClassesTab&id=http%3A%2F%2Fwho.int%2Ficd%232376_b047675b_e7d6_403d_8ca9_f59ab5570ff4,
http://who.int/icd#2387_b047675b_e7d6_403d_8ca9_f59ab5570ff4,http://icat.stanford.edu/?ontology=ICD&tab=ClassesTab&id=http%3A%2F%2Fwho.int%2Ficd%232387_b047675b_e7d6_403d_8ca9_f59ab5570ff4,
http://who.int/icd#2431_b047675b_e7d6_403d_8ca9_f59ab5570ff4,http://icat.stanford.edu/?ontology=ICD&tab=ClassesTab&id=http%3A%2F%2Fwho.int%2Ficd%232431_b047675b_e7d6_403d_8ca9_f59ab5570ff4,
http://who.int/icd#2398_b047675b_e7d6_403d_8ca9_f59ab5570ff4,http://icat.stanford.edu/?ontology=ICD&tab=ClassesTab&id=http%3A%2F%2Fwho.int%2Ficd%232398_b047675b_e7d6_403d_8ca9_f59ab5570ff4,
http://who.int/icd#2409_b047675b_e7d6_403d_8ca9_f59ab5570ff4,http://icat.stanford.edu/?ontology=ICD&tab=ClassesTab&id=http%3A%2F%2Fwho.int%2Ficd%232409_b047675b_e7d6_403d_8ca9_f59ab5570ff4,
http://who.int/icd#2420_b047675b_e7d6_403d_8ca9_f59ab5570ff4,http://icat.stanford.edu/?ontology=ICD&tab=ClassesTab&id=http%3A%2F%2Fwho.int%2Ficd%232420_b047675b_e7d6_403d_8ca9_f59ab5570ff4,
http://who.int/icd#6853_b047675b_e7d6_403d_8ca9_f59ab5570ff4,http://icat.stanford.edu/?ontology=ICD&tab=ClassesTab&id=http%3A%2F%2Fwho.int%2Ficd%236853_b047675b_e7d6_403d_8ca9_f59ab5570ff4,
http://who.int/icd#2310_b047675b_e7d6_403d_8ca9_f59ab5570ff4,http://icat.stanford.edu/?ontology=ICD&tab=ClassesTab&id=http%3A%2F%2Fwho.int%2Ficd%232310_b047675b_e7d6_403d_8ca9_f59ab5570ff4,
http://who.int/icd#2442_b047675b_e7d6_403d_8ca9_f59ab5570ff4,http://icat.stanford.edu/?ontology=ICD&tab=ClassesTab&id=http%3A%2F%2Fwho.int%2Ficd%232442_b047675b_e7d6_403d_8ca9_f59ab5570ff4,
http://who.int/icd#2453_b047675b_e7d6_403d_8ca9_f59ab5570ff4,http://icat.stanford.edu/?ontology=ICD&tab=ClassesTab&id=http%3A%2F%2Fwho.int%2Ficd%232453_b047675b_e7d6_403d_8ca9_f59ab5570ff4,
http://who.int/icd#2464_b047675b_e7d6_403d_8ca9_f59ab5570ff4,http://icat.stanford.edu/?ontology=ICD&tab=ClassesTab&id=http%3A%2F%2Fwho.int%2Ficd%232464_b047675b_e7d6_403d_8ca9_f59ab5570ff4,
http://who.int/icd#2475_b047675b_e7d6_403d_8ca9_f59ab5570ff4,http://icat.stanford.edu/?ontology=ICD&tab=ClassesTab&id=http%3A%2F%2Fwho.int%2Ficd%232475_b047675b_e7d6_403d_8ca9_f59ab5570ff4,
http://who.int/icd#6490_b047675b_e7d6_403d_8ca9_f59ab5570ff4,http://icat.stanford.edu/?ontology=ICD&tab=ClassesTab&id=http%3A%2F%2Fwho.int%2Ficd%236490_b047675b_e7d6_403d_8ca9_f59ab5570ff4,
http://who.int/icd#2354_b047675b_e7d6_403d_8ca9_f59ab5570ff4,http://icat.stanford.edu/?ontology=ICD&tab=ClassesTab&id=http%3A%2F%2Fwho.int%2Ficd%232354_b047675b_e7d6_403d_8ca9_f59ab5570ff4,
http://who.int/icd#2365_b047675b_e7d6_403d_8ca9_f59ab5570ff4,http://icat.stanford.edu/?ontology=ICD&tab=ClassesTab&id=http%3A%2F%2Fwho.int%2Ficd%232365_b047675b_e7d6_403d_8ca9_f59ab5570ff4,
http://who.int/icd#7860_890e173e_8bc7_44a1_9345_a738531fdd8e,http://icat.stanford.edu/?ontology=ICD&tab=ClassesTab&id=http%3A%2F%2Fwho.int%2Ficd%237860_890e173e_8bc7_44a1_9345_a738531fdd8e,
http://who.int/icd#7308_890e173e_8bc7_44a1_9345_a738531fdd8e,http://icat.stanford.edu/?ontology=ICD&tab=ClassesTab&id=http%3A%2F%2Fwho.int%2Ficd%237308_890e173e_8bc7_44a1_9345_a738531fdd8e,
http://who.int/icd#2299_b047675b_e7d6_403d_8ca9_f59ab5570ff4,http://icat.stanford.edu/?ontology=ICD&tab=ClassesTab&id=http%3A%2F%2Fwho.int%2Ficd%232299_b047675b_e7d6_403d_8ca9_f59ab5570ff4,
http://who.int/icd#Class_1161,http://icat.stanford.edu/?ontology=ICD&tab=ClassesTab&id=http%3A%2F%2Fwho.int%2Ficd%23Class_1161,
http://who.int/icd#L29.3,http://icat.stanford.edu/?ontology=ICD&tab=ClassesTab&id=http%3A%2F%2Fwho.int%2Ficd%23L29.3,
http://who.int/icd#L29.0,http://icat.stanford.edu/?ontology=ICD&tab=ClassesTab&id=http%3A%2F%2Fwho.int%2Ficd%23L29.0,
http://who.int/icd#L29.2,http://icat.stanford.edu/?ontology=ICD&tab=ClassesTab&id=http%3A%2F%2Fwho.int%2Ficd%23L29.2,
http://who.int/icd#L29.1,http://icat.stanford.edu/?ontology=ICD&tab=ClassesTab&id=http%3A%2F%2Fwho.int%2Ficd%23L29.1,
http://who.int/icd#2343_b047675b_e7d6_403d_8ca9_f59ab5570ff4,http://icat.stanford.edu/?ontology=ICD&tab=ClassesTab&id=http%3A%2F%2Fwho.int%2Ficd%232343_b047675b_e7d6_403d_8ca9_f59ab5570ff4,
http://who.int/icd#583_99aed0e6_3707_4241_bb2b_12b1df36e984,http://icat.stanford.edu/?ontology=ICD&tab=ClassesTab&id=http%3A%2F%2Fwho.int%2Ficd%23583_99aed0e6_3707_4241_bb2b_12b1df36e984,
http://who.int/icd#Class_1448,http://icat.stanford.edu/?ontology=ICD&tab=ClassesTab&id=http%3A%2F%2Fwho.int%2Ficd%23Class_1448,
http://who.int/icd#Class_1804,http://icat.stanford.edu/?ontology=ICD&tab=ClassesTab&id=http%3A%2F%2Fwho.int%2Ficd%23Class_1804,
http://who.int/icd#2530_b047675b_e7d6_403d_8ca9_f59ab5570ff4,http://icat.stanford.edu/?ontology=ICD&tab=ClassesTab&id=http%3A%2F%2Fwho.int%2Ficd%232530_b047675b_e7d6_403d_8ca9_f59ab5570ff4,
http://who.int/icd#7872_890e173e_8bc7_44a1_9345_a738531fdd8e,http://icat.stanford.edu/?ontology=ICD&tab=ClassesTab&id=http%3A%2F%2Fwho.int%2Ficd%237872_890e173e_8bc7_44a1_9345_a738531fdd8e,
http://who.int/icd#Class_1807,http://icat.stanford.edu/?ontology=ICD&tab=ClassesTab&id=http%3A%2F%2Fwho.int%2Ficd%23Class_1807,
http://who.int/icd#2893_b047675b_e7d6_403d_8ca9_f59ab5570ff4,http://icat.stanford.edu/?ontology=ICD&tab=ClassesTab&id=http%3A%2F%2Fwho.int%2Ficd%232893_b047675b_e7d6_403d_8ca9_f59ab5570ff4,
http://who.int/icd#Class_1809,http://icat.stanford.edu/?ontology=ICD&tab=ClassesTab&id=http%3A%2F%2Fwho.int%2Ficd%23Class_1809,
http://who.int/icd#Class_1450,http://icat.stanford.edu/?ontology=ICD&tab=ClassesTab&id=http%3A%2F%2Fwho.int%2Ficd%23Class_1450,
http://who.int/icd#Class_1811,http://icat.stanford.edu/?ontology=ICD&tab=ClassesTab&id=http%3A%2F%2Fwho.int%2Ficd%23Class_1811,
http://who.int/icd#27665_b047675b_e7d6_403d_8ca9_f59ab5570ff4,http://icat.stanford.edu/?ontology=ICD&tab=ClassesTab&id=http%3A%2F%2Fwho.int%2Ficd%2327665_b047675b_e7d6_403d_8ca9_f59ab5570ff4,
http://who.int/icd#27687_b047675b_e7d6_403d_8ca9_f59ab5570ff4,http://icat.stanford.edu/?ontology=ICD&tab=ClassesTab&id=http%3A%2F%2Fwho.int%2Ficd%2327687_b047675b_e7d6_403d_8ca9_f59ab5570ff4,
http://who.int/icd#27709_b047675b_e7d6_403d_8ca9_f59ab5570ff4,http://icat.stanford.edu/?ontology=ICD&tab=ClassesTab&id=http%3A%2F%2Fwho.int%2Ficd%2327709_b047675b_e7d6_403d_8ca9_f59ab5570ff4,
http://who.int/icd#27742_b047675b_e7d6_403d_8ca9_f59ab5570ff4,http://icat.stanford.edu/?ontology=ICD&tab=ClassesTab&id=http%3A%2F%2Fwho.int%2Ficd%2327742_b047675b_e7d6_403d_8ca9_f59ab5570ff4,
http://who.int/icd#7884_890e173e_8bc7_44a1_9345_a738531fdd8e,http://icat.stanford.edu/?ontology=ICD&tab=ClassesTab&id=http%3A%2F%2Fwho.int%2Ficd%237884_890e173e_8bc7_44a1_9345_a738531fdd8e,
http://who.int/icd#Class_1813,http://icat.stanford.edu/?ontology=ICD&tab=ClassesTab&id=http%3A%2F%2Fwho.int%2Ficd%23Class_1813,
http://who.int/icd#Class_1815,http://icat.stanford.edu/?ontology=ICD&tab=ClassesTab&id=http%3A%2F%2Fwho.int%2Ficd%23Class_1815,
http://who.int/icd#Class_1369,http://icat.stanford.edu/?ontology=ICD&tab=ClassesTab&id=http%3A%2F%2Fwho.int%2Ficd%23Class_1369,
http://who.int/icd#22770_b047675b_e7d6_403d_8ca9_f59ab5570ff4,http://icat.stanford.edu/?ontology=ICD&tab=ClassesTab&id=http%3A%2F%2Fwho.int%2Ficd%2322770_b047675b_e7d6_403d_8ca9_f59ab5570ff4,
http://who.int/icd#22759_b047675b_e7d6_403d_8ca9_f59ab5570ff4,http://icat.stanford.edu/?ontology=ICD&tab=ClassesTab&id=http%3A%2F%2Fwho.int%2Ficd%2322759_b047675b_e7d6_403d_8ca9_f59ab5570ff4,
http://who.int/icd#5302_e9c55f4e_825c_45d7_ba2c_0fdc673d688a,http://icat.stanford.edu/?ontology=ICD&tab=ClassesTab&id=http%3A%2F%2Fwho.int%2Ficd%235302_e9c55f4e_825c_45d7_ba2c_0fdc673d688a,
http://who.int/icd#22748_b047675b_e7d6_403d_8ca9_f59ab5570ff4,http://icat.stanford.edu/?ontology=ICD&tab=ClassesTab&id=http%3A%2F%2Fwho.int%2Ficd%2322748_b047675b_e7d6_403d_8ca9_f59ab5570ff4,
http://who.int/icd#Class_1375,http://icat.stanford.edu/?ontology=ICD&tab=ClassesTab&id=http%3A%2F%2Fwho.int%2Ficd%23Class_1375,
http://who.int/icd#Class_1381,http://icat.stanford.edu/?ontology=ICD&tab=ClassesTab&id=http%3A%2F%2Fwho.int%2Ficd%23Class_1381,
http://who.int/icd#Class_1383,http://icat.stanford.edu/?ontology=ICD&tab=ClassesTab&id=http%3A%2F%2Fwho.int%2Ficd%23Class_1383,
http://who.int/icd#Class_1387,http://icat.stanford.edu/?ontology=ICD&tab=ClassesTab&id=http%3A%2F%2Fwho.int%2Ficd%23Class_1387,
http://who.int/icd#Class_1390,http://icat.stanford.edu/?ontology=ICD&tab=ClassesTab&id=http%3A%2F%2Fwho.int%2Ficd%23Class_1390,
http://who.int/icd#Class_1394,http://icat.stanford.edu/?ontology=ICD&tab=ClassesTab&id=http%3A%2F%2Fwho.int%2Ficd%23Class_1394,
http://who.int/icd#L57.3,http://icat.stanford.edu/?ontology=ICD&tab=ClassesTab&id=http%3A%2F%2Fwho.int%2Ficd%23L57.3,
http://who.int/icd#21120_b047675b_e7d6_403d_8ca9_f59ab5570ff4,http://icat.stanford.edu/?ontology=ICD&tab=ClassesTab&id=http%3A%2F%2Fwho.int%2Ficd%2321120_b047675b_e7d6_403d_8ca9_f59ab5570ff4,
http://who.int/icd#21197_b047675b_e7d6_403d_8ca9_f59ab5570ff4,http://icat.stanford.edu/?ontology=ICD&tab=ClassesTab&id=http%3A%2F%2Fwho.int%2Ficd%2321197_b047675b_e7d6_403d_8ca9_f59ab5570ff4,
http://who.int/icd#22506_b047675b_e7d6_403d_8ca9_f59ab5570ff4,http://icat.stanford.edu/?ontology=ICD&tab=ClassesTab&id=http%3A%2F%2Fwho.int%2Ficd%2322506_b047675b_e7d6_403d_8ca9_f59ab5570ff4,
http://who.int/icd#22517_b047675b_e7d6_403d_8ca9_f59ab5570ff4,http://icat.stanford.edu/?ontology=ICD&tab=ClassesTab&id=http%3A%2F%2Fwho.int%2Ficd%2322517_b047675b_e7d6_403d_8ca9_f59ab5570ff4,
http://who.int/icd#21208_b047675b_e7d6_403d_8ca9_f59ab5570ff4,http://icat.stanford.edu/?ontology=ICD&tab=ClassesTab&id=http%3A%2F%2Fwho.int%2Ficd%2321208_b047675b_e7d6_403d_8ca9_f59ab5570ff4,
http://who.int/icd#22528_b047675b_e7d6_403d_8ca9_f59ab5570ff4,http://icat.stanford.edu/?ontology=ICD&tab=ClassesTab&id=http%3A%2F%2Fwho.int%2Ficd%2322528_b047675b_e7d6_403d_8ca9_f59ab5570ff4,
http://who.int/icd#L56.2,http://icat.stanford.edu/?ontology=ICD&tab=ClassesTab&id=http%3A%2F%2Fwho.int%2Ficd%23L56.2,
http://who.int/icd#21219_b047675b_e7d6_403d_8ca9_f59ab5570ff4,http://icat.stanford.edu/?ontology=ICD&tab=ClassesTab&id=http%3A%2F%2Fwho.int%2Ficd%2321219_b047675b_e7d6_403d_8ca9_f59ab5570ff4,
http://who.int/icd#22550_b047675b_e7d6_403d_8ca9_f59ab5570ff4,http://icat.stanford.edu/?ontology=ICD&tab=ClassesTab&id=http%3A%2F%2Fwho.int%2Ficd%2322550_b047675b_e7d6_403d_8ca9_f59ab5570ff4,
http://who.int/icd#21230_b047675b_e7d6_403d_8ca9_f59ab5570ff4,http://icat.stanford.edu/?ontology=ICD&tab=ClassesTab&id=http%3A%2F%2Fwho.int%2Ficd%2321230_b047675b_e7d6_403d_8ca9_f59ab5570ff4,
http://who.int/icd#22561_b047675b_e7d6_403d_8ca9_f59ab5570ff4,http://icat.stanford.edu/?ontology=ICD&tab=ClassesTab&id=http%3A%2F%2Fwho.int%2Ficd%2322561_b047675b_e7d6_403d_8ca9_f59ab5570ff4,
http://who.int/icd#21802_b047675b_e7d6_403d_8ca9_f59ab5570ff4,http://icat.stanford.edu/?ontology=ICD&tab=ClassesTab&id=http%3A%2F%2Fwho.int%2Ficd%2321802_b047675b_e7d6_403d_8ca9_f59ab5570ff4,
http://who.int/icd#22704_b047675b_e7d6_403d_8ca9_f59ab5570ff4,http://icat.stanford.edu/?ontology=ICD&tab=ClassesTab&id=http%3A%2F%2Fwho.int%2Ficd%2322704_b047675b_e7d6_403d_8ca9_f59ab5570ff4,
http://who.int/icd#21945_b047675b_e7d6_403d_8ca9_f59ab5570ff4,http://icat.stanford.edu/?ontology=ICD&tab=ClassesTab&id=http%3A%2F%2Fwho.int%2Ficd%2321945_b047675b_e7d6_403d_8ca9_f59ab5570ff4,
http://who.int/icd#22484_b047675b_e7d6_403d_8ca9_f59ab5570ff4,http://icat.stanford.edu/?ontology=ICD&tab=ClassesTab&id=http%3A%2F%2Fwho.int%2Ficd%2322484_b047675b_e7d6_403d_8ca9_f59ab5570ff4,
http://who.int/icd#Class_1532,http://icat.stanford.edu/?ontology=ICD&tab=ClassesTab&id=http%3A%2F%2Fwho.int%2Ficd%23Class_1532,
http://who.int/icd#21274_b047675b_e7d6_403d_8ca9_f59ab5570ff4,http://icat.stanford.edu/?ontology=ICD&tab=ClassesTab&id=http%3A%2F%2Fwho.int%2Ficd%2321274_b047675b_e7d6_403d_8ca9_f59ab5570ff4,
http://who.int/icd#22682_b047675b_e7d6_403d_8ca9_f59ab5570ff4,http://icat.stanford.edu/?ontology=ICD&tab=ClassesTab&id=http%3A%2F%2Fwho.int%2Ficd%2322682_b047675b_e7d6_403d_8ca9_f59ab5570ff4,
http://who.int/icd#21285_b047675b_e7d6_403d_8ca9_f59ab5570ff4,http://icat.stanford.edu/?ontology=ICD&tab=ClassesTab&id=http%3A%2F%2Fwho.int%2Ficd%2321285_b047675b_e7d6_403d_8ca9_f59ab5570ff4,
http://who.int/icd#21296_b047675b_e7d6_403d_8ca9_f59ab5570ff4,http://icat.stanford.edu/?ontology=ICD&tab=ClassesTab&id=http%3A%2F%2Fwho.int%2Ficd%2321296_b047675b_e7d6_403d_8ca9_f59ab5570ff4,
http://who.int/icd#21307_b047675b_e7d6_403d_8ca9_f59ab5570ff4,http://icat.stanford.edu/?ontology=ICD&tab=ClassesTab&id=http%3A%2F%2Fwho.int%2Ficd%2321307_b047675b_e7d6_403d_8ca9_f59ab5570ff4,
http://who.int/icd#22726_b047675b_e7d6_403d_8ca9_f59ab5570ff4,http://icat.stanford.edu/?ontology=ICD&tab=ClassesTab&id=http%3A%2F%2Fwho.int%2Ficd%2322726_b047675b_e7d6_403d_8ca9_f59ab5570ff4,
http://who.int/icd#22737_b047675b_e7d6_403d_8ca9_f59ab5570ff4,http://icat.stanford.edu/?ontology=ICD&tab=ClassesTab&id=http%3A%2F%2Fwho.int%2Ficd%2322737_b047675b_e7d6_403d_8ca9_f59ab5570ff4,
http://who.int/icd#21318_b047675b_e7d6_403d_8ca9_f59ab5570ff4,http://icat.stanford.edu/?ontology=ICD&tab=ClassesTab&id=http%3A%2F%2Fwho.int%2Ficd%2321318_b047675b_e7d6_403d_8ca9_f59ab5570ff4,
http://who.int/icd#2904_890e173e_8bc7_44a1_9345_a738531fdd8e,http://icat.stanford.edu/?ontology=ICD&tab=ClassesTab&id=http%3A%2F%2Fwho.int%2Ficd%232904_890e173e_8bc7_44a1_9345_a738531fdd8e,
http://who.int/icd#21329_b047675b_e7d6_403d_8ca9_f59ab5570ff4,http://icat.stanford.edu/?ontology=ICD&tab=ClassesTab&id=http%3A%2F%2Fwho.int%2Ficd%2321329_b047675b_e7d6_403d_8ca9_f59ab5570ff4,
http://who.int/icd#22792_b047675b_e7d6_403d_8ca9_f59ab5570ff4,http://icat.stanford.edu/?ontology=ICD&tab=ClassesTab&id=http%3A%2F%2Fwho.int%2Ficd%2322792_b047675b_e7d6_403d_8ca9_f59ab5570ff4,
http://who.int/icd#21340_b047675b_e7d6_403d_8ca9_f59ab5570ff4,http://icat.stanford.edu/?ontology=ICD&tab=ClassesTab&id=http%3A%2F%2Fwho.int%2Ficd%2321340_b047675b_e7d6_403d_8ca9_f59ab5570ff4,
http://who.int/icd#22803_b047675b_e7d6_403d_8ca9_f59ab5570ff4,http://icat.stanford.edu/?ontology=ICD&tab=ClassesTab&id=http%3A%2F%2Fwho.int%2Ficd%2322803_b047675b_e7d6_403d_8ca9_f59ab5570ff4,
http://who.int/icd#22814_b047675b_e7d6_403d_8ca9_f59ab5570ff4,http://icat.stanford.edu/?ontology=ICD&tab=ClassesTab&id=http%3A%2F%2Fwho.int%2Ficd%2322814_b047675b_e7d6_403d_8ca9_f59ab5570ff4,
http://who.int/icd#21351_b047675b_e7d6_403d_8ca9_f59ab5570ff4,http://icat.stanford.edu/?ontology=ICD&tab=ClassesTab&id=http%3A%2F%2Fwho.int%2Ficd%2321351_b047675b_e7d6_403d_8ca9_f59ab5570ff4,
http://who.int/icd#22825_b047675b_e7d6_403d_8ca9_f59ab5570ff4,http://icat.stanford.edu/?ontology=ICD&tab=ClassesTab&id=http%3A%2F%2Fwho.int%2Ficd%2322825_b047675b_e7d6_403d_8ca9_f59ab5570ff4,
http://who.int/icd#21362_b047675b_e7d6_403d_8ca9_f59ab5570ff4,http://icat.stanford.edu/?ontology=ICD&tab=ClassesTab&id=http%3A%2F%2Fwho.int%2Ficd%2321362_b047675b_e7d6_403d_8ca9_f59ab5570ff4,
http://who.int/icd#22847_b047675b_e7d6_403d_8ca9_f59ab5570ff4,http://icat.stanford.edu/?ontology=ICD&tab=ClassesTab&id=http%3A%2F%2Fwho.int%2Ficd%2322847_b047675b_e7d6_403d_8ca9_f59ab5570ff4,
http://who.int/icd#21373_b047675b_e7d6_403d_8ca9_f59ab5570ff4,http://icat.stanford.edu/?ontology=ICD&tab=ClassesTab&id=http%3A%2F%2Fwho.int%2Ficd%2321373_b047675b_e7d6_403d_8ca9_f59ab5570ff4,
http://who.int/icd#22858_b047675b_e7d6_403d_8ca9_f59ab5570ff4,http://icat.stanford.edu/?ontology=ICD&tab=ClassesTab&id=http%3A%2F%2Fwho.int%2Ficd%2322858_b047675b_e7d6_403d_8ca9_f59ab5570ff4,
http://who.int/icd#22869_b047675b_e7d6_403d_8ca9_f59ab5570ff4,http://icat.stanford.edu/?ontology=ICD&tab=ClassesTab&id=http%3A%2F%2Fwho.int%2Ficd%2322869_b047675b_e7d6_403d_8ca9_f59ab5570ff4,
http://who.int/icd#22880_b047675b_e7d6_403d_8ca9_f59ab5570ff4,http://icat.stanford.edu/?ontology=ICD&tab=ClassesTab&id=http%3A%2F%2Fwho.int%2Ficd%2322880_b047675b_e7d6_403d_8ca9_f59ab5570ff4,
http://who.int/icd#22891_b047675b_e7d6_403d_8ca9_f59ab5570ff4,http://icat.stanford.edu/?ontology=ICD&tab=ClassesTab&id=http%3A%2F%2Fwho.int%2Ficd%2322891_b047675b_e7d6_403d_8ca9_f59ab5570ff4,
http://who.int/icd#22902_b047675b_e7d6_403d_8ca9_f59ab5570ff4,http://icat.stanford.edu/?ontology=ICD&tab=ClassesTab&id=http%3A%2F%2Fwho.int%2Ficd%2322902_b047675b_e7d6_403d_8ca9_f59ab5570ff4,
http://who.int/icd#21384_b047675b_e7d6_403d_8ca9_f59ab5570ff4,http://icat.stanford.edu/?ontology=ICD&tab=ClassesTab&id=http%3A%2F%2Fwho.int%2Ficd%2321384_b047675b_e7d6_403d_8ca9_f59ab5570ff4,
http://who.int/icd#22693_b047675b_e7d6_403d_8ca9_f59ab5570ff4,http://icat.stanford.edu/?ontology=ICD&tab=ClassesTab&id=http%3A%2F%2Fwho.int%2Ficd%2322693_b047675b_e7d6_403d_8ca9_f59ab5570ff4,
http://who.int/icd#Class_1399,http://icat.stanford.edu/?ontology=ICD&tab=ClassesTab&id=http%3A%2F%2Fwho.int%2Ficd%23Class_1399,
http://who.int/icd#Class_1240,http://icat.stanford.edu/?ontology=ICD&tab=ClassesTab&id=http%3A%2F%2Fwho.int%2Ficd%23Class_1240,
http://who.int/icd#Class_1292,http://icat.stanford.edu/?ontology=ICD&tab=ClassesTab&id=http%3A%2F%2Fwho.int%2Ficd%23Class_1292,
http://who.int/icd#Class_1296,http://icat.stanford.edu/?ontology=ICD&tab=ClassesTab&id=http%3A%2F%2Fwho.int%2Ficd%23Class_1296,
http://who.int/icd#Class_1757,http://icat.stanford.edu/?ontology=ICD&tab=ClassesTab&id=http%3A%2F%2Fwho.int%2Ficd%23Class_1757,
http://who.int/icd#D03,http://icat.stanford.edu/?ontology=ICD&tab=ClassesTab&id=http%3A%2F%2Fwho.int%2Ficd%23D03,
http://who.int/icd#Class_2699,http://icat.stanford.edu/?ontology=ICD&tab=ClassesTab&id=http%3A%2F%2Fwho.int%2Ficd%23Class_2699,
http://who.int/icd#Class_2701,http://icat.stanford.edu/?ontology=ICD&tab=ClassesTab&id=http%3A%2F%2Fwho.int%2Ficd%23Class_2701,
http://who.int/icd#D04,http://icat.stanford.edu/?ontology=ICD&tab=ClassesTab&id=http%3A%2F%2Fwho.int%2Ficd%23D04,
http://who.int/icd#Class_2564,http://icat.stanford.edu/?ontology=ICD&tab=ClassesTab&id=http%3A%2F%2Fwho.int%2Ficd%23Class_2564,
http://who.int/icd#C44,http://icat.stanford.edu/?ontology=ICD&tab=ClassesTab&id=http%3A%2F%2Fwho.int%2Ficd%23C44,
http://who.int/icd#Class_2635,http://icat.stanford.edu/?ontology=ICD&tab=ClassesTab&id=http%3A%2F%2Fwho.int%2Ficd%23Class_2635,
http://who.int/icd#11_2985fd4a_87e8_4e76_ac83_2a5b74c14300,http://icat.stanford.edu/?ontology=ICD&tab=ClassesTab&id=http%3A%2F%2Fwho.int%2Ficd%2311_2985fd4a_87e8_4e76_ac83_2a5b74c14300,
http://who.int/icd#22_2985fd4a_87e8_4e76_ac83_2a5b74c14300,http://icat.stanford.edu/?ontology=ICD&tab=ClassesTab&id=http%3A%2F%2Fwho.int%2Ficd%2322_2985fd4a_87e8_4e76_ac83_2a5b74c14300,
http://who.int/icd#33_2985fd4a_87e8_4e76_ac83_2a5b74c14300,http://icat.stanford.edu/?ontology=ICD&tab=ClassesTab&id=http%3A%2F%2Fwho.int%2Ficd%2333_2985fd4a_87e8_4e76_ac83_2a5b74c14300,
http://who.int/icd#44_2985fd4a_87e8_4e76_ac83_2a5b74c14300,http://icat.stanford.edu/?ontology=ICD&tab=ClassesTab&id=http%3A%2F%2Fwho.int%2Ficd%2344_2985fd4a_87e8_4e76_ac83_2a5b74c14300,
http://who.int/icd#55_2985fd4a_87e8_4e76_ac83_2a5b74c14300,http://icat.stanford.edu/?ontology=ICD&tab=ClassesTab&id=http%3A%2F%2Fwho.int%2Ficd%2355_2985fd4a_87e8_4e76_ac83_2a5b74c14300,
http://who.int/icd#66_2985fd4a_87e8_4e76_ac83_2a5b74c14300,http://icat.stanford.edu/?ontology=ICD&tab=ClassesTab&id=http%3A%2F%2Fwho.int%2Ficd%2366_2985fd4a_87e8_4e76_ac83_2a5b74c14300,
http://who.int/icd#Class_2637,http://icat.stanford.edu/?ontology=ICD&tab=ClassesTab&id=http%3A%2F%2Fwho.int%2Ficd%23Class_2637,
http://who.int/icd#0_2985fd4a_87e8_4e76_ac83_2a5b74c14300,http://icat.stanford.edu/?ontology=ICD&tab=ClassesTab&id=http%3A%2F%2Fwho.int%2Ficd%230_2985fd4a_87e8_4e76_ac83_2a5b74c14300,
http://who.int/icd#7224_890e173e_8bc7_44a1_9345_a738531fdd8e,http://icat.stanford.edu/?ontology=ICD&tab=ClassesTab&id=http%3A%2F%2Fwho.int%2Ficd%237224_890e173e_8bc7_44a1_9345_a738531fdd8e,
http://who.int/icd#Class_2641,http://icat.stanford.edu/?ontology=ICD&tab=ClassesTab&id=http%3A%2F%2Fwho.int%2Ficd%23Class_2641,
http://who.int/icd#Class_2647,http://icat.stanford.edu/?ontology=ICD&tab=ClassesTab&id=http%3A%2F%2Fwho.int%2Ficd%23Class_2647,
http://who.int/icd#Class_2656,http://icat.stanford.edu/?ontology=ICD&tab=ClassesTab&id=http%3A%2F%2Fwho.int%2Ficd%23Class_2656,
http://who.int/icd#Class_2663,http://icat.stanford.edu/?ontology=ICD&tab=ClassesTab&id=http%3A%2F%2Fwho.int%2Ficd%23Class_2663,
http://who.int/icd#11297_6bc3f235_b24a_493e_a8a3_60cb9fb52dbd,http://icat.stanford.edu/?ontology=ICD&tab=ClassesTab&id=http%3A%2F%2Fwho.int%2Ficd%2311297_6bc3f235_b24a_493e_a8a3_60cb9fb52dbd,
http://who.int/icd#4213_b047675b_e7d6_403d_8ca9_f59ab5570ff4,http://icat.stanford.edu/?ontology=ICD&tab=ClassesTab&id=http%3A%2F%2Fwho.int%2Ficd%234213_b047675b_e7d6_403d_8ca9_f59ab5570ff4,
http://who.int/icd#4235_b047675b_e7d6_403d_8ca9_f59ab5570ff4,http://icat.stanford.edu/?ontology=ICD&tab=ClassesTab&id=http%3A%2F%2Fwho.int%2Ficd%234235_b047675b_e7d6_403d_8ca9_f59ab5570ff4,
http://who.int/icd#4246_b047675b_e7d6_403d_8ca9_f59ab5570ff4,http://icat.stanford.edu/?ontology=ICD&tab=ClassesTab&id=http%3A%2F%2Fwho.int%2Ficd%234246_b047675b_e7d6_403d_8ca9_f59ab5570ff4,
http://who.int/icd#Class_4,http://icat.stanford.edu/?ontology=ICD&tab=ClassesTab&id=http%3A%2F%2Fwho.int%2Ficd%23Class_4,
http://who.int/icd#Class_2279,http://icat.stanford.edu/?ontology=ICD&tab=ClassesTab&id=http%3A%2F%2Fwho.int%2Ficd%23Class_2279,
http://who.int/icd#Class_1538,http://icat.stanford.edu/?ontology=ICD&tab=ClassesTab&id=http%3A%2F%2Fwho.int%2Ficd%23Class_1538,
http://who.int/icd#Class_1545,http://icat.stanford.edu/?ontology=ICD&tab=ClassesTab&id=http%3A%2F%2Fwho.int%2Ficd%23Class_1545,
http://who.int/icd#T70,http://icat.stanford.edu/?ontology=ICD&tab=ClassesTab&id=http%3A%2F%2Fwho.int%2Ficd%23T70,
http://who.int/icd#T70.3,http://icat.stanford.edu/?ontology=ICD&tab=ClassesTab&id=http%3A%2F%2Fwho.int%2Ficd%23T70.3,
http://who.int/icd#T67,http://icat.stanford.edu/?ontology=ICD&tab=ClassesTab&id=http%3A%2F%2Fwho.int%2Ficd%23T67,
http://who.int/icd#C43-C44,http://icat.stanford.edu/?ontology=ICD&tab=ClassesTab&id=http%3A%2F%2Fwho.int%2Ficd%23C43-C44,
http://who.int/icd#D00-D09,http://icat.stanford.edu/?ontology=ICD&tab=ClassesTab&id=http%3A%2F%2Fwho.int%2Ficd%23D00-D09,
